,ka
0,-2.07
1,-2.06542236328125
2,-2.0608447265625
3,-2.05626708984375
4,-2.051689453125
5,-2.04711181640625
6,-2.0425341796875
7,-2.03795654296875
8,-2.03337890625
9,-2.02880126953125
10,-2.0242236328125
11,-2.01964599609375
12,-2.015068359375
13,-2.01049072265625
14,-2.0059130859375
15,-2.00133544921875
16,-1.9967578124999998
17,-1.9921801757812498
18,-1.9876025390624998
19,-1.9830249023437498
20,-1.9784472656249998
21,-1.9738696289062498
22,-1.9692919921874998
23,-1.9647143554687498
24,-1.9601367187499998
25,-1.9555590820312498
26,-1.9509814453124998
27,-1.9464038085937498
28,-1.9418261718749998
29,-1.9372485351562498
30,-1.9326708984374998
31,-1.9280932617187498
32,-1.9235156249999998
33,-1.9189379882812498
34,-1.9143603515624998
35,-1.9097827148437498
36,-1.9052050781249998
37,-1.9006274414062498
38,-1.8960498046874998
39,-1.8914721679687498
40,-1.8868945312499998
41,-1.8823168945312498
42,-1.8777392578124998
43,-1.8731616210937498
44,-1.8685839843749998
45,-1.8640063476562498
46,-1.8594287109374998
47,-1.8548510742187498
48,-1.8502734374999998
49,-1.8456958007812498
50,-1.8411181640624998
51,-1.8365405273437498
52,-1.8319628906249998
53,-1.8273852539062498
54,-1.8228076171874998
55,-1.8182299804687498
56,-1.8136523437499998
57,-1.8090747070312498
58,-1.8044970703124998
59,-1.7999194335937498
60,-1.7953417968749998
61,-1.7907641601562498
62,-1.7861865234374998
63,-1.7816088867187498
64,-1.7770312499999998
65,-1.7724536132812498
66,-1.7678759765624998
67,-1.7632983398437498
68,-1.7587207031249998
69,-1.7541430664062498
70,-1.7495654296874998
71,-1.7449877929687498
72,-1.7404101562499998
73,-1.7358325195312498
74,-1.7312548828124998
75,-1.7266772460937498
76,-1.7220996093749998
77,-1.7175219726562498
78,-1.7129443359374998
79,-1.7083666992187498
80,-1.7037890624999998
81,-1.6992114257812498
82,-1.6946337890624998
83,-1.6900561523437498
84,-1.6854785156249998
85,-1.6809008789062498
86,-1.6763232421874998
87,-1.6717456054687498
88,-1.6671679687499998
89,-1.6625903320312498
90,-1.6580126953124998
91,-1.6534350585937498
92,-1.6488574218749998
93,-1.6442797851562498
94,-1.6397021484374998
95,-1.6351245117187498
96,-1.6305468749999998
97,-1.6259692382812498
98,-1.6213916015624998
99,-1.6168139648437498
100,-1.6122363281249998
101,-1.6076586914062498
102,-1.6030810546874998
103,-1.5985034179687498
104,-1.5939257812499998
105,-1.5893481445312498
106,-1.5847705078124998
107,-1.5801928710937498
108,-1.5756152343749998
109,-1.5710375976562498
110,-1.5664599609374998
111,-1.5618823242187498
112,-1.5573046874999998
113,-1.5527270507812498
114,-1.5481494140624998
115,-1.5435717773437498
116,-1.5389941406249998
117,-1.5344165039062498
118,-1.5298388671874998
119,-1.5252612304687498
120,-1.5206835937499998
121,-1.5161059570312498
122,-1.5115283203124998
123,-1.5069506835937498
124,-1.5023730468749998
125,-1.4977954101562498
126,-1.4932177734374998
127,-1.4886401367187498
128,-1.4840624999999998
129,-1.4794848632812498
130,-1.4749072265624998
131,-1.4703295898437498
132,-1.4657519531249998
133,-1.4611743164062498
134,-1.4565966796874998
135,-1.4520190429687498
136,-1.4474414062499998
137,-1.4428637695312498
138,-1.4382861328124998
139,-1.4337084960937498
140,-1.4291308593749998
141,-1.4245532226562498
142,-1.4199755859374998
143,-1.4153979492187498
144,-1.4108203124999998
145,-1.4062426757812498
146,-1.4016650390624998
147,-1.3970874023437498
148,-1.3925097656249998
149,-1.3879321289062498
150,-1.3833544921874998
151,-1.3787768554687498
152,-1.3741992187499998
153,-1.3696215820312498
154,-1.3650439453124998
155,-1.3604663085937498
156,-1.3558886718749998
157,-1.3513110351562498
158,-1.3467333984374998
159,-1.3421557617187498
160,-1.3375781249999998
161,-1.3330004882812498
162,-1.3284228515624998
163,-1.3238452148437498
164,-1.3192675781249998
165,-1.3146899414062498
166,-1.3101123046874998
167,-1.3055346679687498
168,-1.3009570312499998
169,-1.2963793945312498
170,-1.2918017578124998
171,-1.2872241210937498
172,-1.2826464843749998
173,-1.2780688476562498
174,-1.2734912109374998
175,-1.2689135742187498
176,-1.2643359374999998
177,-1.2597583007812498
178,-1.2551806640624998
179,-1.2506030273437498
180,-1.2460253906249998
181,-1.2414477539062498
182,-1.2368701171874998
183,-1.2322924804687498
184,-1.2277148437499998
185,-1.2231372070312498
186,-1.2185595703124998
187,-1.2139819335937498
188,-1.2094042968749998
189,-1.2048266601562498
190,-1.2002490234374998
191,-1.1956713867187498
192,-1.1910937499999998
193,-1.1865161132812498
194,-1.1819384765624998
195,-1.1773608398437498
196,-1.1727832031249998
197,-1.1682055664062498
198,-1.1636279296874998
199,-1.1590502929687498
200,-1.1544726562499998
201,-1.1498950195312498
202,-1.1453173828124998
203,-1.1407397460937498
204,-1.1361621093749998
205,-1.1315844726562498
206,-1.1270068359374998
207,-1.1224291992187498
208,-1.1178515624999998
209,-1.1132739257812498
210,-1.1086962890624998
211,-1.1041186523437498
212,-1.0995410156249998
213,-1.0949633789062498
214,-1.0903857421874998
215,-1.0858081054687498
216,-1.0812304687499998
217,-1.0766528320312498
218,-1.0720751953124998
219,-1.0674975585937498
220,-1.0629199218749998
221,-1.0583422851562498
222,-1.0537646484374998
223,-1.0491870117187498
224,-1.0446093749999998
225,-1.0400317382812498
226,-1.0354541015624998
227,-1.0308764648437498
228,-1.0262988281249998
229,-1.0217211914062498
230,-1.0171435546874998
231,-1.0125659179687498
232,-1.0079882812499998
233,-1.0034106445312498
234,-0.9988330078124998
235,-0.9942553710937498
236,-0.9896777343749998
237,-0.9851000976562498
238,-0.9805224609374998
239,-0.9759448242187498
240,-0.9713671874999998
241,-0.9667895507812498
242,-0.9622119140624998
243,-0.9576342773437498
244,-0.9530566406249998
245,-0.9484790039062498
246,-0.9439013671874998
247,-0.9393237304687498
248,-0.9347460937499998
249,-0.9301684570312498
250,-0.9255908203124998
251,-0.9210131835937498
252,-0.9164355468749998
253,-0.9118579101562498
254,-0.9072802734374998
255,-0.9027026367187498
256,-0.8981249999999998
257,-0.8935473632812498
258,-0.8889697265624998
259,-0.8843920898437498
260,-0.8798144531249998
261,-0.8752368164062498
262,-0.8706591796874998
263,-0.8660815429687498
264,-0.8615039062499998
265,-0.8569262695312498
266,-0.8523486328124998
267,-0.8477709960937498
268,-0.8431933593749998
269,-0.8386157226562498
270,-0.8340380859374998
271,-0.8294604492187498
272,-0.8248828124999998
273,-0.8203051757812498
274,-0.8157275390624998
275,-0.8111499023437498
276,-0.8065722656249998
277,-0.8019946289062498
278,-0.7974169921874998
279,-0.7928393554687498
280,-0.7882617187499998
281,-0.7836840820312498
282,-0.7791064453124998
283,-0.7745288085937498
284,-0.7699511718749998
285,-0.7653735351562498
286,-0.7607958984374998
287,-0.7562182617187498
288,-0.7516406249999998
289,-0.7470629882812498
290,-0.7424853515624998
291,-0.7379077148437498
292,-0.7333300781249998
293,-0.7287524414062498
294,-0.7241748046874998
295,-0.7195971679687498
296,-0.7150195312499998
297,-0.7104418945312498
298,-0.7058642578124998
299,-0.7012866210937498
300,-0.6967089843749998
301,-0.6921313476562498
302,-0.6875537109374998
303,-0.6829760742187498
304,-0.6783984374999998
305,-0.6738208007812498
306,-0.6692431640624998
307,-0.6646655273437498
308,-0.6600878906249998
309,-0.6555102539062498
310,-0.6509326171874998
311,-0.6463549804687498
312,-0.6417773437499998
313,-0.6371997070312498
314,-0.6326220703124998
315,-0.6280444335937498
316,-0.6234667968749998
317,-0.6188891601562498
318,-0.6143115234374998
319,-0.6097338867187498
320,-0.6051562499999998
321,-0.6005786132812498
322,-0.5960009765624998
323,-0.5914233398437498
324,-0.5868457031249998
325,-0.5822680664062498
326,-0.5776904296874998
327,-0.5731127929687498
328,-0.5685351562499998
329,-0.5639575195312498
330,-0.5593798828124998
331,-0.5548022460937498
332,-0.5502246093749998
333,-0.5456469726562498
334,-0.5410693359374998
335,-0.5364916992187498
336,-0.5319140624999998
337,-0.5273364257812498
338,-0.5227587890624998
339,-0.5181811523437498
340,-0.5136035156249998
341,-0.5090258789062498
342,-0.5044482421874998
343,-0.49987060546874984
344,-0.49529296874999984
345,-0.49071533203124984
346,-0.48613769531249984
347,-0.48156005859374984
348,-0.47698242187499984
349,-0.47240478515624984
350,-0.46782714843749984
351,-0.46324951171874984
352,-0.45867187499999984
353,-0.45409423828124984
354,-0.44951660156249984
355,-0.44493896484374984
356,-0.44036132812499984
357,-0.43578369140624984
358,-0.43120605468749984
359,-0.42662841796874984
360,-0.42205078124999984
361,-0.41747314453124984
362,-0.41289550781249984
363,-0.40831787109374984
364,-0.40374023437499984
365,-0.39916259765624984
366,-0.39458496093749984
367,-0.39000732421874984
368,-0.38542968749999984
369,-0.38085205078124984
370,-0.37627441406249984
371,-0.37169677734374984
372,-0.36711914062499984
373,-0.36254150390624984
374,-0.35796386718749984
375,-0.35338623046874984
376,-0.34880859374999984
377,-0.34423095703124984
378,-0.33965332031249984
379,-0.33507568359374984
380,-0.33049804687499984
381,-0.32592041015624984
382,-0.32134277343749984
383,-0.31676513671874984
384,-0.31218749999999984
385,-0.30760986328124984
386,-0.30303222656249984
387,-0.29845458984374984
388,-0.29387695312499984
389,-0.28929931640624984
390,-0.28472167968749984
391,-0.28014404296874984
392,-0.27556640624999984
393,-0.27098876953124984
394,-0.26641113281249984
395,-0.26183349609374984
396,-0.25725585937499984
397,-0.25267822265624984
398,-0.24810058593749984
399,-0.24352294921874984
400,-0.23894531249999984
401,-0.23436767578124984
402,-0.22979003906249984
403,-0.22521240234374984
404,-0.22063476562499984
405,-0.21605712890624984
406,-0.21147949218749984
407,-0.20690185546874984
408,-0.20232421874999984
409,-0.19774658203124984
410,-0.19316894531249984
411,-0.18859130859374984
412,-0.18401367187499984
413,-0.17943603515624984
414,-0.17485839843749984
415,-0.17028076171874984
416,-0.16570312499999984
417,-0.16112548828124984
418,-0.15654785156249984
419,-0.15197021484374984
420,-0.14739257812499984
421,-0.14281494140624984
422,-0.13823730468749984
423,-0.13365966796874984
424,-0.12908203124999984
425,-0.12450439453124984
426,-0.11992675781249984
427,-0.11534912109374984
428,-0.11077148437499984
429,-0.10619384765624984
430,-0.10161621093749984
431,-0.09703857421874984
432,-0.09246093749999984
433,-0.08788330078124984
434,-0.08330566406249984
435,-0.07872802734374984
436,-0.07415039062499984
437,-0.06957275390624984
438,-0.06499511718749984
439,-0.06041748046874984
440,-0.05583984374999984
441,-0.05126220703124984
442,-0.04668457031249984
443,-0.04210693359374984
444,-0.03752929687499984
445,-0.03295166015624984
446,-0.02837402343749984
447,-0.02379638671874984
448,-0.01921874999999984
449,-0.01464111328124984
450,-0.01006347656249984
451,-0.00548583984374984
452,-0.0009082031249998401
453,0.00366943359375016
454,0.00824707031250016
455,0.01282470703125016
456,0.01740234375000016
457,0.02197998046875016
458,0.02655761718750016
459,0.03113525390625016
460,0.03571289062500016
461,0.04029052734375016
462,0.04486816406250016
463,0.04944580078125016
464,0.05402343750000016
465,0.05860107421875016
466,0.06317871093750016
467,0.06775634765625016
468,0.07233398437500016
469,0.07691162109375016
470,0.08148925781250016
471,0.08606689453125016
472,0.09064453125000016
473,0.09522216796875016
474,0.09979980468750016
475,0.10437744140625016
476,0.10895507812500016
477,0.11353271484375016
478,0.11811035156250016
479,0.12268798828125016
480,0.12726562500000016
481,0.13184326171875016
482,0.13642089843750016
483,0.14099853515625016
484,0.14557617187500016
485,0.15015380859375016
486,0.15473144531250016
487,0.15930908203125016
488,0.16388671875000016
489,0.16846435546875016
490,0.17304199218750016
491,0.17761962890625016
492,0.18219726562500016
493,0.18677490234375016
494,0.19135253906250016
495,0.19593017578125016
496,0.20050781250000016
497,0.20508544921875016
498,0.20966308593750016
499,0.21424072265625016
500,0.21881835937500016
501,0.22339599609375016
502,0.22797363281250016
503,0.23255126953125016
504,0.23712890625000016
505,0.24170654296875016
506,0.24628417968750016
507,0.25086181640625016
508,0.25543945312500016
509,0.26001708984375016
510,0.26459472656250016
511,0.26917236328125016
512,0.27375000000000016
513,0.27832763671875016
514,0.28290527343750016
515,0.28748291015625016
516,0.29206054687500016
517,0.29663818359375016
518,0.30121582031250016
519,0.30579345703125016
520,0.31037109375000016
521,0.31494873046875016
522,0.31952636718750016
523,0.32410400390625016
524,0.32868164062500016
525,0.33325927734375016
526,0.33783691406250016
527,0.34241455078125016
528,0.34699218750000016
529,0.35156982421875016
530,0.35614746093750016
531,0.36072509765625016
532,0.36530273437500016
533,0.36988037109375016
534,0.37445800781250016
535,0.37903564453125016
536,0.38361328125000016
537,0.38819091796875016
538,0.39276855468750016
539,0.39734619140625016
540,0.40192382812500016
541,0.40650146484375016
542,0.41107910156250016
543,0.41565673828125016
544,0.42023437500000016
545,0.42481201171875016
546,0.42938964843750016
547,0.43396728515625016
548,0.43854492187500016
549,0.44312255859375016
550,0.44770019531250016
551,0.45227783203125016
552,0.45685546875000016
553,0.46143310546875016
554,0.46601074218750016
555,0.47058837890625016
556,0.47516601562500016
557,0.47974365234375016
558,0.48432128906250016
559,0.48889892578125016
560,0.49347656250000016
561,0.49805419921875016
562,0.5026318359375002
563,0.5072094726562502
564,0.5117871093750002
565,0.5163647460937502
566,0.5209423828125002
567,0.5255200195312502
568,0.5300976562500002
569,0.5346752929687502
570,0.5392529296875002
571,0.5438305664062502
572,0.5484082031250002
573,0.5529858398437502
574,0.5575634765625002
575,0.5621411132812502
576,0.5667187500000002
577,0.5712963867187502
578,0.5758740234375002
579,0.5804516601562502
580,0.5850292968750002
581,0.5896069335937502
582,0.5941845703125002
583,0.5987622070312502
584,0.6033398437500002
585,0.6079174804687502
586,0.6124951171875002
587,0.6170727539062502
588,0.6216503906250002
589,0.6262280273437502
590,0.6308056640625002
591,0.6353833007812502
592,0.6399609375000002
593,0.6445385742187502
594,0.6491162109375002
595,0.6536938476562502
596,0.6582714843750002
597,0.6628491210937502
598,0.6674267578125002
599,0.6720043945312502
600,0.6765820312500002
601,0.6811596679687502
602,0.6857373046875002
603,0.6903149414062502
604,0.6948925781250002
605,0.6994702148437502
606,0.7040478515625002
607,0.7086254882812502
608,0.7132031250000002
609,0.7177807617187502
610,0.7223583984375002
611,0.7269360351562502
612,0.7315136718750002
613,0.7360913085937502
614,0.7406689453125002
615,0.7452465820312502
616,0.7498242187500002
617,0.7544018554687502
618,0.7589794921875002
619,0.7635571289062502
620,0.7681347656250002
621,0.7727124023437502
622,0.7772900390625002
623,0.7818676757812502
624,0.7864453125000002
625,0.7910229492187502
626,0.7956005859375002
627,0.8001782226562502
628,0.8047558593750002
629,0.8093334960937502
630,0.8139111328125002
631,0.8184887695312502
632,0.8230664062500002
633,0.8276440429687502
634,0.8322216796875002
635,0.8367993164062502
636,0.8413769531250002
637,0.8459545898437502
638,0.8505322265625002
639,0.8551098632812502
640,0.8596875000000002
641,0.8642651367187502
642,0.8688427734375002
643,0.8734204101562502
644,0.8779980468750002
645,0.8825756835937502
646,0.8871533203125002
647,0.8917309570312502
648,0.8963085937500002
649,0.9008862304687502
650,0.9054638671875002
651,0.9100415039062502
652,0.9146191406250002
653,0.9191967773437502
654,0.9237744140625002
655,0.9283520507812502
656,0.9329296875000002
657,0.9375073242187502
658,0.9420849609375002
659,0.9466625976562502
660,0.9512402343750002
661,0.9558178710937502
662,0.9603955078125002
663,0.9649731445312502
664,0.9695507812500002
665,0.9741284179687502
666,0.9787060546875002
667,0.9832836914062502
668,0.9878613281250002
669,0.9924389648437502
670,0.9970166015625002
671,1.0015942382812502
672,1.0061718750000002
673,1.0107495117187502
674,1.0153271484375002
675,1.0199047851562502
676,1.0244824218750002
677,1.0290600585937502
678,1.0336376953125002
679,1.0382153320312502
680,1.0427929687500002
681,1.0473706054687502
682,1.0519482421875002
683,1.0565258789062502
684,1.0611035156250002
685,1.0656811523437502
686,1.0702587890625002
687,1.0748364257812502
688,1.0794140625000002
689,1.0839916992187502
690,1.0885693359375002
691,1.0931469726562502
692,1.0977246093750002
693,1.1023022460937502
694,1.1068798828125002
695,1.1114575195312502
696,1.1160351562500002
697,1.1206127929687502
698,1.1251904296875002
699,1.1297680664062502
700,1.1343457031250002
701,1.1389233398437502
702,1.1435009765625002
703,1.1480786132812502
704,1.1526562500000002
705,1.1572338867187502
706,1.1618115234375002
707,1.1663891601562502
708,1.1709667968750002
709,1.1755444335937502
710,1.1801220703125002
711,1.1846997070312502
712,1.1892773437500002
713,1.1938549804687502
714,1.1984326171875002
715,1.2030102539062502
716,1.2075878906250002
717,1.2121655273437502
718,1.2167431640625002
719,1.2213208007812502
720,1.2258984375000002
721,1.2304760742187502
722,1.2350537109375002
723,1.2396313476562502
724,1.2442089843750002
725,1.2487866210937502
726,1.2533642578125002
727,1.2579418945312502
728,1.2625195312500002
729,1.2670971679687502
730,1.2716748046875002
731,1.2762524414062502
732,1.2808300781250002
733,1.2854077148437502
734,1.2899853515625002
735,1.2945629882812502
736,1.2991406250000002
737,1.3037182617187502
738,1.3082958984375002
739,1.3128735351562502
740,1.3174511718750002
741,1.3220288085937502
742,1.3266064453125002
743,1.3311840820312502
744,1.3357617187500002
745,1.3403393554687502
746,1.3449169921875002
747,1.3494946289062502
748,1.3540722656250002
749,1.3586499023437502
750,1.3632275390625002
751,1.3678051757812502
752,1.3723828125000002
753,1.3769604492187502
754,1.3815380859375002
755,1.3861157226562502
756,1.3906933593750002
757,1.3952709960937502
758,1.3998486328125002
759,1.4044262695312502
760,1.4090039062500002
761,1.4135815429687502
762,1.4181591796875002
763,1.4227368164062502
764,1.4273144531250002
765,1.4318920898437502
766,1.4364697265625002
767,1.4410473632812502
768,1.4456250000000002
769,1.4502026367187502
770,1.4547802734375002
771,1.4593579101562502
772,1.4639355468750002
773,1.4685131835937502
774,1.4730908203125002
775,1.4776684570312502
776,1.4822460937500002
777,1.4868237304687502
778,1.4914013671875002
779,1.4959790039062502
780,1.5005566406250002
781,1.5051342773437502
782,1.5097119140625002
783,1.5142895507812502
784,1.5188671875000002
785,1.5234448242187502
786,1.5280224609375002
787,1.5326000976562502
788,1.5371777343750002
789,1.5417553710937502
790,1.5463330078125002
791,1.5509106445312502
792,1.5554882812500002
793,1.5600659179687502
794,1.5646435546875002
795,1.5692211914062502
796,1.5737988281250002
797,1.5783764648437502
798,1.5829541015625002
799,1.5875317382812502
800,1.5921093750000002
801,1.5966870117187502
802,1.6012646484375002
803,1.6058422851562502
804,1.6104199218750002
805,1.6149975585937502
806,1.6195751953125002
807,1.6241528320312502
808,1.6287304687500002
809,1.6333081054687502
810,1.6378857421875002
811,1.6424633789062502
812,1.6470410156250002
813,1.6516186523437502
814,1.6561962890625002
815,1.6607739257812502
816,1.6653515625000002
817,1.6699291992187502
818,1.6745068359375002
819,1.6790844726562502
820,1.6836621093750002
821,1.6882397460937502
822,1.6928173828125002
823,1.6973950195312502
824,1.7019726562500002
825,1.7065502929687502
826,1.7111279296875002
827,1.7157055664062502
828,1.7202832031250002
829,1.7248608398437502
830,1.7294384765625002
831,1.7340161132812502
832,1.7385937500000002
833,1.7431713867187502
834,1.7477490234375002
835,1.7523266601562502
836,1.7569042968750002
837,1.7614819335937502
838,1.7660595703125002
839,1.7706372070312502
840,1.7752148437500002
841,1.7797924804687502
842,1.7843701171875002
843,1.7889477539062502
844,1.7935253906250002
845,1.7981030273437502
846,1.8026806640625002
847,1.8072583007812502
848,1.8118359375000002
849,1.8164135742187502
850,1.8209912109375002
851,1.8255688476562502
852,1.8301464843750002
853,1.8347241210937502
854,1.8393017578125002
855,1.8438793945312502
856,1.8484570312500002
857,1.8530346679687502
858,1.8576123046875002
859,1.8621899414062502
860,1.8667675781250002
861,1.8713452148437502
862,1.8759228515625002
863,1.8805004882812502
864,1.8850781250000002
865,1.8896557617187502
866,1.8942333984375002
867,1.8988110351562502
868,1.9033886718750002
869,1.9079663085937502
870,1.9125439453125002
871,1.9171215820312502
872,1.9216992187500002
873,1.9262768554687502
874,1.9308544921875002
875,1.9354321289062502
876,1.9400097656250002
877,1.9445874023437502
878,1.9491650390625002
879,1.9537426757812502
880,1.9583203125000002
881,1.9628979492187502
882,1.9674755859375002
883,1.9720532226562502
884,1.9766308593750002
885,1.9812084960937502
886,1.9857861328125002
887,1.9903637695312502
888,1.9949414062500002
889,1.9995190429687502
890,2.0040966796875
891,2.00867431640625
892,2.013251953125
893,2.01782958984375
894,2.0224072265625
895,2.02698486328125
896,2.0315625
897,2.03614013671875
898,2.0407177734375
899,2.04529541015625
900,2.049873046875
901,2.05445068359375
902,2.0590283203125
903,2.06360595703125
904,2.06818359375
905,2.07276123046875
906,2.0773388671875
907,2.08191650390625
908,2.086494140625
909,2.09107177734375
910,2.0956494140625
911,2.10022705078125
912,2.1048046875
913,2.10938232421875
914,2.1139599609375
915,2.11853759765625
916,2.123115234375
917,2.12769287109375
918,2.1322705078125
919,2.13684814453125
920,2.14142578125
921,2.14600341796875
922,2.1505810546875
923,2.15515869140625
924,2.159736328125
925,2.16431396484375
926,2.1688916015625
927,2.17346923828125
928,2.178046875
929,2.18262451171875
930,2.1872021484375
931,2.19177978515625
932,2.196357421875
933,2.20093505859375
934,2.2055126953125
935,2.21009033203125
936,2.21466796875
937,2.21924560546875
938,2.2238232421875
939,2.22840087890625
940,2.232978515625
941,2.23755615234375
942,2.2421337890625
943,2.24671142578125
944,2.2512890625
945,2.25586669921875
946,2.2604443359375
947,2.26502197265625
948,2.269599609375
949,2.27417724609375
950,2.2787548828125
951,2.28333251953125
952,2.28791015625
953,2.29248779296875
954,2.2970654296875
955,2.30164306640625
956,2.306220703125
957,2.31079833984375
958,2.3153759765625
959,2.31995361328125
960,2.32453125
961,2.32910888671875
962,2.3336865234375
963,2.33826416015625
964,2.342841796875
965,2.34741943359375
966,2.3519970703125
967,2.35657470703125
968,2.36115234375
969,2.36572998046875
970,2.3703076171875
971,2.37488525390625
972,2.379462890625
973,2.38404052734375
974,2.3886181640625
975,2.39319580078125
976,2.3977734375
977,2.40235107421875
978,2.4069287109375
979,2.41150634765625
980,2.416083984375
981,2.42066162109375
982,2.4252392578125
983,2.42981689453125
984,2.43439453125
985,2.43897216796875
986,2.4435498046875
987,2.44812744140625
988,2.452705078125
989,2.45728271484375
990,2.4618603515625
991,2.46643798828125
992,2.471015625
993,2.47559326171875
994,2.4801708984375
995,2.48474853515625
996,2.489326171875
997,2.49390380859375
998,2.4984814453125
999,2.50305908203125
1000,2.50763671875
1001,2.51221435546875
1002,2.5167919921875
1003,2.52136962890625
1004,2.525947265625
1005,2.53052490234375
1006,2.5351025390625
1007,2.53968017578125
1008,2.5442578125
1009,2.54883544921875
1010,2.5534130859375
1011,2.55799072265625
1012,2.562568359375
1013,2.56714599609375
1014,2.5717236328125
1015,2.57630126953125
1016,2.58087890625
1017,2.58545654296875
1018,2.5900341796875
1019,2.59461181640625
1020,2.599189453125
1021,2.60376708984375
1022,2.6083447265625
1023,2.61292236328125
1024,2.6175
1025,2.62207763671875
1026,2.6266552734375
1027,2.63123291015625
1028,2.635810546875
1029,2.64038818359375
1030,2.6449658203125
1031,2.64954345703125
1032,2.65412109375
1033,2.65869873046875
1034,2.6632763671875
1035,2.66785400390625
1036,2.672431640625
1037,2.67700927734375
1038,2.6815869140625
1039,2.68616455078125
1040,2.6907421875
1041,2.69531982421875
1042,2.6998974609375
1043,2.70447509765625
1044,2.709052734375
1045,2.71363037109375
1046,2.7182080078125
1047,2.72278564453125
1048,2.72736328125
1049,2.73194091796875
1050,2.7365185546875
1051,2.74109619140625
1052,2.745673828125
1053,2.75025146484375
1054,2.7548291015625
1055,2.75940673828125
1056,2.763984375
1057,2.76856201171875
1058,2.7731396484375
1059,2.77771728515625
1060,2.782294921875
1061,2.78687255859375
1062,2.7914501953125
1063,2.79602783203125
1064,2.80060546875
1065,2.80518310546875
1066,2.8097607421875
1067,2.81433837890625
1068,2.818916015625
1069,2.82349365234375
1070,2.8280712890625
1071,2.83264892578125
1072,2.8372265625
1073,2.84180419921875
1074,2.8463818359375
1075,2.85095947265625
1076,2.855537109375
1077,2.86011474609375
1078,2.8646923828125
1079,2.86927001953125
1080,2.87384765625
1081,2.87842529296875
1082,2.8830029296875
1083,2.88758056640625
1084,2.892158203125
1085,2.89673583984375
1086,2.9013134765625
1087,2.90589111328125
1088,2.91046875
1089,2.91504638671875
1090,2.9196240234375
1091,2.92420166015625
1092,2.928779296875
1093,2.93335693359375
1094,2.9379345703125
1095,2.94251220703125
1096,2.94708984375
1097,2.95166748046875
1098,2.9562451171875
1099,2.96082275390625
1100,2.965400390625
1101,2.96997802734375
1102,2.9745556640625
1103,2.97913330078125
1104,2.9837109375
1105,2.98828857421875
1106,2.9928662109375
1107,2.99744384765625
1108,3.002021484375
1109,3.00659912109375
1110,3.0111767578125
1111,3.01575439453125
1112,3.02033203125
1113,3.02490966796875
1114,3.0294873046875
1115,3.03406494140625
1116,3.038642578125
1117,3.04322021484375
1118,3.0477978515625
1119,3.05237548828125
1120,3.056953125
1121,3.06153076171875
1122,3.0661083984375
1123,3.07068603515625
1124,3.075263671875
1125,3.07984130859375
1126,3.0844189453125
1127,3.08899658203125
1128,3.09357421875
1129,3.09815185546875
1130,3.1027294921875
1131,3.10730712890625
1132,3.111884765625
1133,3.11646240234375
1134,3.1210400390625
1135,3.12561767578125
1136,3.1301953125
1137,3.13477294921875
1138,3.1393505859375
1139,3.14392822265625
1140,3.148505859375
1141,3.15308349609375
1142,3.1576611328125
1143,3.16223876953125
1144,3.16681640625
1145,3.17139404296875
1146,3.1759716796875
1147,3.18054931640625
1148,3.185126953125
1149,3.18970458984375
1150,3.1942822265625
1151,3.19885986328125
1152,3.2034375
1153,3.20801513671875
1154,3.2125927734375
1155,3.21717041015625
1156,3.221748046875
1157,3.22632568359375
1158,3.2309033203125
1159,3.23548095703125
1160,3.24005859375
1161,3.24463623046875
1162,3.2492138671875
1163,3.25379150390625
1164,3.258369140625
1165,3.26294677734375
1166,3.2675244140625
1167,3.27210205078125
1168,3.2766796875
1169,3.28125732421875
1170,3.2858349609375
1171,3.29041259765625
1172,3.294990234375
1173,3.29956787109375
1174,3.3041455078125
1175,3.30872314453125
1176,3.31330078125
1177,3.31787841796875
1178,3.3224560546875
1179,3.32703369140625
1180,3.331611328125
1181,3.33618896484375
1182,3.3407666015625
1183,3.34534423828125
1184,3.349921875
1185,3.35449951171875
1186,3.3590771484375
1187,3.36365478515625
1188,3.368232421875
1189,3.37281005859375
1190,3.3773876953125
1191,3.38196533203125
1192,3.38654296875
1193,3.39112060546875
1194,3.3956982421875
1195,3.40027587890625
1196,3.404853515625
1197,3.40943115234375
1198,3.4140087890625
1199,3.41858642578125
1200,3.4231640625
1201,3.42774169921875
1202,3.4323193359375
1203,3.43689697265625
1204,3.441474609375
1205,3.44605224609375
1206,3.4506298828125
1207,3.45520751953125
1208,3.45978515625
1209,3.46436279296875
1210,3.4689404296875
1211,3.47351806640625
1212,3.478095703125
1213,3.48267333984375
1214,3.4872509765625
1215,3.49182861328125
1216,3.49640625
1217,3.50098388671875
1218,3.5055615234375
1219,3.51013916015625
1220,3.514716796875
1221,3.51929443359375
1222,3.5238720703125
1223,3.52844970703125
1224,3.53302734375
1225,3.53760498046875
1226,3.5421826171875
1227,3.54676025390625
1228,3.551337890625
1229,3.55591552734375
1230,3.5604931640625
1231,3.56507080078125
1232,3.5696484375
1233,3.57422607421875
1234,3.5788037109375
1235,3.58338134765625
1236,3.587958984375
1237,3.59253662109375
1238,3.5971142578125
1239,3.60169189453125
1240,3.60626953125
1241,3.61084716796875
1242,3.6154248046875
1243,3.62000244140625
1244,3.624580078125
1245,3.62915771484375
1246,3.6337353515625
1247,3.63831298828125
1248,3.642890625
1249,3.64746826171875
1250,3.6520458984375
1251,3.65662353515625
1252,3.661201171875
1253,3.66577880859375
1254,3.6703564453125
1255,3.67493408203125
1256,3.67951171875
1257,3.68408935546875
1258,3.6886669921875
1259,3.69324462890625
1260,3.697822265625
1261,3.70239990234375
1262,3.7069775390625
1263,3.71155517578125
1264,3.7161328125
1265,3.72071044921875
1266,3.7252880859375
1267,3.72986572265625
1268,3.734443359375
1269,3.73902099609375
1270,3.7435986328125
1271,3.74817626953125
1272,3.75275390625
1273,3.75733154296875
1274,3.7619091796875
1275,3.76648681640625
1276,3.771064453125
1277,3.77564208984375
1278,3.7802197265625
1279,3.78479736328125
1280,3.789375
1281,3.79395263671875
1282,3.7985302734375
1283,3.80310791015625
1284,3.807685546875
1285,3.81226318359375
1286,3.8168408203125
1287,3.82141845703125
1288,3.82599609375
1289,3.83057373046875
1290,3.8351513671875
1291,3.83972900390625
1292,3.844306640625
1293,3.84888427734375
1294,3.8534619140625
1295,3.85803955078125
1296,3.8626171875
1297,3.86719482421875
1298,3.8717724609375
1299,3.87635009765625
1300,3.880927734375
1301,3.88550537109375
1302,3.8900830078125
1303,3.89466064453125
1304,3.89923828125
1305,3.90381591796875
1306,3.9083935546875
1307,3.91297119140625
1308,3.917548828125
1309,3.92212646484375
1310,3.9267041015625
1311,3.93128173828125
1312,3.935859375
1313,3.94043701171875
1314,3.9450146484375
1315,3.94959228515625
1316,3.954169921875
1317,3.95874755859375
1318,3.9633251953125
1319,3.96790283203125
1320,3.97248046875
1321,3.97705810546875
1322,3.9816357421875
1323,3.98621337890625
1324,3.990791015625
1325,3.99536865234375
1326,3.9999462890625
1327,4.00452392578125
1328,4.0091015625
1329,4.01367919921875
1330,4.0182568359375
1331,4.02283447265625
1332,4.027412109375
1333,4.03198974609375
1334,4.0365673828125
1335,4.04114501953125
1336,4.04572265625
1337,4.05030029296875
1338,4.0548779296875
1339,4.05945556640625
1340,4.064033203125
1341,4.06861083984375
1342,4.0731884765625
1343,4.07776611328125
1344,4.08234375
1345,4.08692138671875
1346,4.0914990234375
1347,4.09607666015625
1348,4.100654296875
1349,4.10523193359375
1350,4.1098095703125
1351,4.11438720703125
1352,4.11896484375
1353,4.12354248046875
1354,4.1281201171875
1355,4.13269775390625
1356,4.137275390625
1357,4.14185302734375
1358,4.1464306640625
1359,4.15100830078125
1360,4.1555859375
1361,4.16016357421875
1362,4.1647412109375
1363,4.16931884765625
1364,4.173896484375
1365,4.17847412109375
1366,4.1830517578125
1367,4.18762939453125
1368,4.19220703125
1369,4.19678466796875
1370,4.2013623046875
1371,4.20593994140625
1372,4.210517578125
1373,4.21509521484375
1374,4.2196728515625
1375,4.22425048828125
1376,4.228828125
1377,4.23340576171875
1378,4.2379833984375
1379,4.24256103515625
1380,4.247138671875
1381,4.25171630859375
1382,4.2562939453125
1383,4.26087158203125
1384,4.26544921875
1385,4.27002685546875
1386,4.2746044921875
1387,4.27918212890625
1388,4.283759765625
1389,4.28833740234375
1390,4.2929150390625
1391,4.29749267578125
1392,4.3020703125
1393,4.30664794921875
1394,4.3112255859375
1395,4.31580322265625
1396,4.320380859375
1397,4.32495849609375
1398,4.3295361328125
1399,4.33411376953125
1400,4.33869140625
1401,4.34326904296875
1402,4.3478466796875
1403,4.35242431640625
1404,4.357001953125
1405,4.36157958984375
1406,4.3661572265625
1407,4.37073486328125
1408,4.3753125
1409,4.37989013671875
1410,4.3844677734375
1411,4.38904541015625
1412,4.393623046875
1413,4.39820068359375
1414,4.4027783203125
1415,4.40735595703125
1416,4.41193359375
1417,4.41651123046875
1418,4.4210888671875
1419,4.42566650390625
1420,4.430244140625
1421,4.43482177734375
1422,4.4393994140625
1423,4.44397705078125
1424,4.4485546875
1425,4.45313232421875
1426,4.4577099609375
1427,4.46228759765625
1428,4.466865234375
1429,4.47144287109375
1430,4.4760205078125
1431,4.48059814453125
1432,4.48517578125
1433,4.48975341796875
1434,4.4943310546875
1435,4.49890869140625
1436,4.503486328125
1437,4.50806396484375
1438,4.5126416015625
1439,4.51721923828125
1440,4.521796875
1441,4.52637451171875
1442,4.5309521484375
1443,4.53552978515625
1444,4.540107421875
1445,4.54468505859375
1446,4.5492626953125
1447,4.55384033203125
1448,4.55841796875
1449,4.56299560546875
1450,4.5675732421875
1451,4.57215087890625
1452,4.576728515625
1453,4.58130615234375
1454,4.5858837890625
1455,4.59046142578125
1456,4.5950390625
1457,4.59961669921875
1458,4.6041943359375
1459,4.60877197265625
1460,4.613349609375
1461,4.61792724609375
1462,4.6225048828125
1463,4.62708251953125
1464,4.63166015625
1465,4.63623779296875
1466,4.6408154296875
1467,4.64539306640625
1468,4.649970703125
1469,4.65454833984375
1470,4.6591259765625
1471,4.66370361328125
1472,4.66828125
1473,4.67285888671875
1474,4.6774365234375
1475,4.68201416015625
1476,4.686591796875
1477,4.69116943359375
1478,4.6957470703125
1479,4.70032470703125
1480,4.70490234375
1481,4.70947998046875
1482,4.7140576171875
1483,4.71863525390625
1484,4.723212890625
1485,4.72779052734375
1486,4.7323681640625
1487,4.73694580078125
1488,4.7415234375
1489,4.74610107421875
1490,4.7506787109375
1491,4.75525634765625
1492,4.759833984375
1493,4.76441162109375
1494,4.7689892578125
1495,4.77356689453125
1496,4.77814453125
1497,4.78272216796875
1498,4.7872998046875
1499,4.79187744140625
1500,4.796455078125
1501,4.80103271484375
1502,4.8056103515625
1503,4.81018798828125
1504,4.814765625
1505,4.81934326171875
1506,4.8239208984375
1507,4.82849853515625
1508,4.833076171875
1509,4.83765380859375
1510,4.8422314453125
1511,4.84680908203125
1512,4.85138671875
1513,4.85596435546875
1514,4.8605419921875
1515,4.86511962890625
1516,4.869697265625
1517,4.87427490234375
1518,4.8788525390625
1519,4.88343017578125
1520,4.8880078125
1521,4.89258544921875
1522,4.8971630859375
1523,4.90174072265625
1524,4.906318359375
1525,4.91089599609375
1526,4.9154736328125
1527,4.92005126953125
1528,4.92462890625
1529,4.92920654296875
1530,4.9337841796875
1531,4.93836181640625
1532,4.942939453125
1533,4.94751708984375
1534,4.9520947265625
1535,4.95667236328125
1536,4.96125
1537,4.96582763671875
1538,4.9704052734375
1539,4.97498291015625
1540,4.979560546875
1541,4.98413818359375
1542,4.9887158203125
1543,4.99329345703125
1544,4.99787109375
1545,5.00244873046875
1546,5.0070263671875
1547,5.01160400390625
1548,5.016181640625
1549,5.02075927734375
1550,5.0253369140625
1551,5.02991455078125
1552,5.0344921875
1553,5.03906982421875
1554,5.0436474609375
1555,5.04822509765625
1556,5.052802734375
1557,5.05738037109375
1558,5.0619580078125
1559,5.06653564453125
1560,5.07111328125
1561,5.07569091796875
1562,5.0802685546875
1563,5.08484619140625
1564,5.089423828125
1565,5.09400146484375
1566,5.0985791015625
1567,5.10315673828125
1568,5.107734375
1569,5.11231201171875
1570,5.1168896484375
1571,5.12146728515625
1572,5.126044921875
1573,5.13062255859375
1574,5.1352001953125
1575,5.13977783203125
1576,5.14435546875
1577,5.14893310546875
1578,5.1535107421875
1579,5.15808837890625
1580,5.162666015625
1581,5.16724365234375
1582,5.1718212890625
1583,5.17639892578125
1584,5.1809765625
1585,5.18555419921875
1586,5.1901318359375
1587,5.19470947265625
1588,5.199287109375
1589,5.20386474609375
1590,5.2084423828125
1591,5.21302001953125
1592,5.21759765625
1593,5.22217529296875
1594,5.2267529296875
1595,5.23133056640625
1596,5.235908203125
1597,5.24048583984375
1598,5.2450634765625
1599,5.24964111328125
1600,5.25421875
1601,5.25879638671875
1602,5.2633740234375
1603,5.26795166015625
1604,5.272529296875
1605,5.27710693359375
1606,5.2816845703125
1607,5.28626220703125
1608,5.29083984375
1609,5.29541748046875
1610,5.2999951171875
1611,5.30457275390625
1612,5.309150390625
1613,5.31372802734375
1614,5.3183056640625
1615,5.32288330078125
1616,5.3274609375
1617,5.33203857421875
1618,5.3366162109375
1619,5.34119384765625
1620,5.345771484375
1621,5.35034912109375
1622,5.3549267578125
1623,5.35950439453125
1624,5.36408203125
1625,5.36865966796875
1626,5.3732373046875
1627,5.37781494140625
1628,5.382392578125
1629,5.38697021484375
1630,5.3915478515625
1631,5.39612548828125
1632,5.400703125
1633,5.40528076171875
1634,5.4098583984375
1635,5.41443603515625
1636,5.419013671875
1637,5.42359130859375
1638,5.4281689453125
1639,5.43274658203125
1640,5.43732421875
1641,5.44190185546875
1642,5.4464794921875
1643,5.45105712890625
1644,5.455634765625
1645,5.46021240234375
1646,5.4647900390625
1647,5.46936767578125
1648,5.4739453125
1649,5.47852294921875
1650,5.4831005859375
1651,5.48767822265625
1652,5.492255859375
1653,5.49683349609375
1654,5.5014111328125
1655,5.50598876953125
1656,5.51056640625
1657,5.51514404296875
1658,5.5197216796875
1659,5.52429931640625
1660,5.528876953125
1661,5.53345458984375
1662,5.5380322265625
1663,5.54260986328125
1664,5.5471875
1665,5.55176513671875
1666,5.5563427734375
1667,5.56092041015625
1668,5.565498046875
1669,5.57007568359375
1670,5.5746533203125
1671,5.57923095703125
1672,5.58380859375
1673,5.58838623046875
1674,5.5929638671875
1675,5.59754150390625
1676,5.602119140625
1677,5.60669677734375
1678,5.6112744140625
1679,5.61585205078125
1680,5.6204296875
1681,5.62500732421875
1682,5.6295849609375
1683,5.63416259765625
1684,5.638740234375
1685,5.64331787109375
1686,5.6478955078125
1687,5.65247314453125
1688,5.65705078125
1689,5.66162841796875
1690,5.6662060546875
1691,5.67078369140625
1692,5.675361328125
1693,5.67993896484375
1694,5.6845166015625
1695,5.68909423828125
1696,5.693671875
1697,5.69824951171875
1698,5.7028271484375
1699,5.70740478515625
1700,5.711982421875
1701,5.71656005859375
1702,5.7211376953125
1703,5.72571533203125
1704,5.73029296875
1705,5.73487060546875
1706,5.7394482421875
1707,5.74402587890625
1708,5.748603515625
1709,5.75318115234375
1710,5.7577587890625
1711,5.76233642578125
1712,5.7669140625
1713,5.77149169921875
1714,5.7760693359375
1715,5.78064697265625
1716,5.785224609375
1717,5.78980224609375
1718,5.7943798828125
1719,5.79895751953125
1720,5.80353515625
1721,5.80811279296875
1722,5.8126904296875
1723,5.81726806640625
1724,5.821845703125
1725,5.82642333984375
1726,5.8310009765625
1727,5.83557861328125
1728,5.84015625
1729,5.84473388671875
1730,5.8493115234375
1731,5.85388916015625
1732,5.858466796875
1733,5.86304443359375
1734,5.8676220703125
1735,5.87219970703125
1736,5.87677734375
1737,5.88135498046875
1738,5.8859326171875
1739,5.89051025390625
1740,5.895087890625
1741,5.89966552734375
1742,5.9042431640625
1743,5.90882080078125
1744,5.9133984375
1745,5.91797607421875
1746,5.9225537109375
1747,5.92713134765625
1748,5.931708984375
1749,5.93628662109375
1750,5.9408642578125
1751,5.94544189453125
1752,5.95001953125
1753,5.95459716796875
1754,5.9591748046875
1755,5.96375244140625
1756,5.968330078125
1757,5.97290771484375
1758,5.9774853515625
1759,5.98206298828125
1760,5.986640625
1761,5.99121826171875
1762,5.9957958984375
1763,6.00037353515625
1764,6.004951171875
1765,6.00952880859375
1766,6.0141064453125
1767,6.01868408203125
1768,6.02326171875
1769,6.02783935546875
1770,6.0324169921875
1771,6.03699462890625
1772,6.041572265625
1773,6.04614990234375
1774,6.0507275390625
1775,6.05530517578125
1776,6.0598828125
1777,6.06446044921875
1778,6.0690380859375
1779,6.07361572265625
1780,6.078193359375
1781,6.08277099609375
1782,6.0873486328125
1783,6.09192626953125
1784,6.09650390625
1785,6.10108154296875
1786,6.1056591796875
1787,6.11023681640625
1788,6.114814453125
1789,6.11939208984375
1790,6.1239697265625
1791,6.12854736328125
1792,6.133125
1793,6.13770263671875
1794,6.1422802734375
1795,6.14685791015625
1796,6.151435546875
1797,6.15601318359375
1798,6.1605908203125
1799,6.16516845703125
1800,6.16974609375
1801,6.17432373046875
1802,6.1789013671875
1803,6.18347900390625
1804,6.188056640625
1805,6.19263427734375
1806,6.1972119140625
1807,6.20178955078125
1808,6.2063671875
1809,6.21094482421875
1810,6.2155224609375
1811,6.22010009765625
1812,6.224677734375
1813,6.22925537109375
1814,6.2338330078125
1815,6.23841064453125
1816,6.24298828125
1817,6.24756591796875
1818,6.2521435546875
1819,6.25672119140625
1820,6.261298828125
1821,6.26587646484375
1822,6.2704541015625
1823,6.27503173828125
1824,6.279609375
1825,6.28418701171875
1826,6.2887646484375
1827,6.29334228515625
1828,6.297919921875
1829,6.30249755859375
1830,6.3070751953125
1831,6.31165283203125
1832,6.31623046875
1833,6.32080810546875
1834,6.3253857421875
1835,6.32996337890625
1836,6.334541015625
1837,6.33911865234375
1838,6.3436962890625
1839,6.34827392578125
1840,6.3528515625
1841,6.35742919921875
1842,6.3620068359375
1843,6.36658447265625
1844,6.371162109375
1845,6.37573974609375
1846,6.3803173828125
1847,6.38489501953125
1848,6.38947265625
1849,6.39405029296875
1850,6.3986279296875
1851,6.40320556640625
1852,6.407783203125
1853,6.41236083984375
1854,6.4169384765625
1855,6.42151611328125
1856,6.42609375
1857,6.43067138671875
1858,6.4352490234375
1859,6.43982666015625
1860,6.444404296875
1861,6.44898193359375
1862,6.4535595703125
1863,6.45813720703125
1864,6.46271484375
1865,6.46729248046875
1866,6.4718701171875
1867,6.47644775390625
1868,6.481025390625
1869,6.48560302734375
1870,6.4901806640625
1871,6.49475830078125
1872,6.4993359375
1873,6.50391357421875
1874,6.5084912109375
1875,6.51306884765625
1876,6.517646484375
1877,6.52222412109375
1878,6.5268017578125
1879,6.53137939453125
1880,6.53595703125
1881,6.54053466796875
1882,6.5451123046875
1883,6.54968994140625
1884,6.554267578125
1885,6.55884521484375
1886,6.5634228515625
1887,6.56800048828125
1888,6.572578125
1889,6.57715576171875
1890,6.5817333984375
1891,6.58631103515625
1892,6.590888671875
1893,6.59546630859375
1894,6.6000439453125
1895,6.60462158203125
1896,6.60919921875
1897,6.61377685546875
1898,6.6183544921875
1899,6.62293212890625
1900,6.627509765625
1901,6.63208740234375
1902,6.6366650390625
1903,6.64124267578125
1904,6.6458203125
1905,6.65039794921875
1906,6.6549755859375
1907,6.65955322265625
1908,6.664130859375
1909,6.66870849609375
1910,6.6732861328125
1911,6.67786376953125
1912,6.68244140625
1913,6.68701904296875
1914,6.6915966796875
1915,6.69617431640625
1916,6.700751953125
1917,6.70532958984375
1918,6.7099072265625
1919,6.71448486328125
1920,6.7190625
1921,6.72364013671875
1922,6.7282177734375
1923,6.73279541015625
1924,6.737373046875
1925,6.74195068359375
1926,6.7465283203125
1927,6.75110595703125
1928,6.75568359375
1929,6.76026123046875
1930,6.7648388671875
1931,6.76941650390625
1932,6.773994140625
1933,6.77857177734375
1934,6.7831494140625
1935,6.78772705078125
1936,6.7923046875
1937,6.79688232421875
1938,6.8014599609375
1939,6.80603759765625
1940,6.810615234375
1941,6.81519287109375
1942,6.8197705078125
1943,6.82434814453125
1944,6.82892578125
1945,6.83350341796875
1946,6.8380810546875
1947,6.84265869140625
1948,6.847236328125
1949,6.85181396484375
1950,6.8563916015625
1951,6.86096923828125
1952,6.865546875
1953,6.87012451171875
1954,6.8747021484375
1955,6.87927978515625
1956,6.883857421875
1957,6.88843505859375
1958,6.8930126953125
1959,6.89759033203125
1960,6.90216796875
1961,6.90674560546875
1962,6.9113232421875
1963,6.91590087890625
1964,6.920478515625
1965,6.92505615234375
1966,6.9296337890625
1967,6.93421142578125
1968,6.9387890625
1969,6.94336669921875
1970,6.9479443359375
1971,6.95252197265625
1972,6.957099609375
1973,6.96167724609375
1974,6.9662548828125
1975,6.97083251953125
1976,6.97541015625
1977,6.97998779296875
1978,6.9845654296875
1979,6.98914306640625
1980,6.993720703125
1981,6.99829833984375
1982,7.0028759765625
1983,7.00745361328125
1984,7.01203125
1985,7.01660888671875
1986,7.0211865234375
1987,7.02576416015625
1988,7.030341796875
1989,7.03491943359375
1990,7.0394970703125
1991,7.04407470703125
1992,7.04865234375
1993,7.05322998046875
1994,7.0578076171875
1995,7.06238525390625
1996,7.066962890625
1997,7.07154052734375
1998,7.0761181640625
1999,7.08069580078125
2000,7.0852734375
2001,7.08985107421875
2002,7.0944287109375
2003,7.09900634765625
2004,7.103583984375
2005,7.10816162109375
2006,7.1127392578125
2007,7.11731689453125
2008,7.12189453125
2009,7.12647216796875
2010,7.1310498046875
2011,7.13562744140625
2012,7.140205078125
2013,7.14478271484375
2014,7.1493603515625
2015,7.15393798828125
2016,7.158515625
2017,7.16309326171875
2018,7.1676708984375
2019,7.17224853515625
2020,7.176826171875
2021,7.18140380859375
2022,7.1859814453125
2023,7.19055908203125
2024,7.19513671875
2025,7.19971435546875
2026,7.2042919921875
2027,7.20886962890625
2028,7.213447265625
2029,7.21802490234375
2030,7.2226025390625
2031,7.22718017578125
2032,7.2317578125
2033,7.23633544921875
2034,7.2409130859375
2035,7.24549072265625
2036,7.250068359375
2037,7.25464599609375
2038,7.2592236328125
2039,7.26380126953125
2040,7.26837890625
2041,7.27295654296875
2042,7.2775341796875
2043,7.28211181640625
2044,7.286689453125
2045,7.29126708984375
2046,7.2958447265625
2047,7.30042236328125
2048,7.305
2049,7.30957763671875
2050,7.3141552734375
2051,7.31873291015625
2052,7.323310546875
2053,7.32788818359375
2054,7.3324658203125
2055,7.33704345703125
2056,7.34162109375
2057,7.34619873046875
2058,7.3507763671875
2059,7.35535400390625
2060,7.359931640625
2061,7.36450927734375
2062,7.3690869140625
2063,7.37366455078125
2064,7.3782421875
2065,7.38281982421875
2066,7.3873974609375
2067,7.39197509765625
2068,7.396552734375
2069,7.40113037109375
2070,7.4057080078125
2071,7.41028564453125
2072,7.41486328125
2073,7.41944091796875
2074,7.4240185546875
2075,7.42859619140625
2076,7.433173828125
2077,7.43775146484375
2078,7.4423291015625
2079,7.44690673828125
2080,7.451484375
2081,7.45606201171875
2082,7.4606396484375
2083,7.46521728515625
2084,7.469794921875
2085,7.47437255859375
2086,7.4789501953125
2087,7.48352783203125
2088,7.48810546875
2089,7.49268310546875
2090,7.4972607421875
2091,7.50183837890625
2092,7.506416015625
2093,7.51099365234375
2094,7.5155712890625
2095,7.52014892578125
2096,7.5247265625
2097,7.52930419921875
2098,7.5338818359375
2099,7.53845947265625
2100,7.543037109375
2101,7.54761474609375
2102,7.5521923828125
2103,7.55677001953125
2104,7.56134765625
2105,7.56592529296875
2106,7.5705029296875
2107,7.57508056640625
2108,7.579658203125
2109,7.58423583984375
2110,7.5888134765625
2111,7.59339111328125
2112,7.59796875
2113,7.60254638671875
2114,7.6071240234375
2115,7.61170166015625
2116,7.616279296875
2117,7.62085693359375
2118,7.6254345703125
2119,7.63001220703125
2120,7.63458984375
2121,7.63916748046875
2122,7.6437451171875
2123,7.64832275390625
2124,7.652900390625
2125,7.65747802734375
2126,7.6620556640625
2127,7.66663330078125
2128,7.6712109375
2129,7.67578857421875
2130,7.6803662109375
2131,7.68494384765625
2132,7.689521484375
2133,7.69409912109375
2134,7.6986767578125
2135,7.70325439453125
2136,7.70783203125
2137,7.71240966796875
2138,7.7169873046875
2139,7.72156494140625
2140,7.726142578125
2141,7.73072021484375
2142,7.7352978515625
2143,7.73987548828125
2144,7.744453125
2145,7.74903076171875
2146,7.7536083984375
2147,7.75818603515625
2148,7.762763671875
2149,7.76734130859375
2150,7.7719189453125
2151,7.77649658203125
2152,7.78107421875
2153,7.78565185546875
2154,7.7902294921875
2155,7.79480712890625
2156,7.799384765625
2157,7.80396240234375
2158,7.8085400390625
2159,7.81311767578125
2160,7.8176953125
2161,7.82227294921875
2162,7.8268505859375
2163,7.83142822265625
2164,7.836005859375
2165,7.84058349609375
2166,7.8451611328125
2167,7.84973876953125
2168,7.85431640625
2169,7.85889404296875
2170,7.8634716796875
2171,7.86804931640625
2172,7.872626953125
2173,7.87720458984375
2174,7.8817822265625
2175,7.88635986328125
2176,7.8909375
2177,7.89551513671875
2178,7.9000927734375
2179,7.90467041015625
2180,7.909248046875
2181,7.91382568359375
2182,7.9184033203125
2183,7.92298095703125
2184,7.92755859375
2185,7.93213623046875
2186,7.9367138671875
2187,7.94129150390625
2188,7.945869140625
2189,7.95044677734375
2190,7.9550244140625
2191,7.95960205078125
2192,7.9641796875
2193,7.96875732421875
2194,7.9733349609375
2195,7.97791259765625
2196,7.982490234375
2197,7.98706787109375
2198,7.9916455078125
2199,7.99622314453125
2200,8.00080078125
2201,8.00537841796875
2202,8.0099560546875
2203,8.01453369140625
2204,8.019111328125
2205,8.02368896484375
2206,8.0282666015625
2207,8.03284423828125
2208,8.037421875
2209,8.04199951171875
2210,8.0465771484375
2211,8.05115478515625
2212,8.055732421875
2213,8.06031005859375
2214,8.0648876953125
2215,8.06946533203125
2216,8.07404296875
2217,8.07862060546875
2218,8.0831982421875
2219,8.08777587890625
2220,8.092353515625
2221,8.09693115234375
2222,8.1015087890625
2223,8.10608642578125
2224,8.1106640625
2225,8.11524169921875
2226,8.1198193359375
2227,8.12439697265625
2228,8.128974609375
2229,8.13355224609375
2230,8.1381298828125
2231,8.14270751953125
2232,8.14728515625
2233,8.15186279296875
2234,8.1564404296875
2235,8.16101806640625
2236,8.165595703125
2237,8.17017333984375
2238,8.1747509765625
2239,8.17932861328125
2240,8.18390625
2241,8.18848388671875
2242,8.1930615234375
2243,8.19763916015625
2244,8.202216796875
2245,8.20679443359375
2246,8.2113720703125
2247,8.21594970703125
2248,8.22052734375
2249,8.22510498046875
2250,8.2296826171875
2251,8.23426025390625
2252,8.238837890625
2253,8.24341552734375
2254,8.2479931640625
2255,8.25257080078125
2256,8.2571484375
2257,8.26172607421875
2258,8.2663037109375
2259,8.27088134765625
2260,8.275458984375
2261,8.28003662109375
2262,8.2846142578125
2263,8.28919189453125
2264,8.29376953125
2265,8.29834716796875
2266,8.3029248046875
2267,8.30750244140625
2268,8.312080078125
2269,8.31665771484375
2270,8.3212353515625
2271,8.32581298828125
2272,8.330390625
2273,8.33496826171875
2274,8.3395458984375
2275,8.34412353515625
2276,8.348701171875
2277,8.35327880859375
2278,8.3578564453125
2279,8.36243408203125
2280,8.36701171875
2281,8.37158935546875
2282,8.3761669921875
2283,8.38074462890625
2284,8.385322265625
2285,8.38989990234375
2286,8.3944775390625
2287,8.39905517578125
2288,8.4036328125
2289,8.40821044921875
2290,8.4127880859375
2291,8.41736572265625
2292,8.421943359375
2293,8.42652099609375
2294,8.4310986328125
2295,8.43567626953125
2296,8.44025390625
2297,8.44483154296875
2298,8.4494091796875
2299,8.45398681640625
2300,8.458564453125
2301,8.46314208984375
2302,8.4677197265625
2303,8.47229736328125
2304,8.476875
2305,8.48145263671875
2306,8.4860302734375
2307,8.49060791015625
2308,8.495185546875
2309,8.49976318359375
2310,8.5043408203125
2311,8.50891845703125
2312,8.51349609375
2313,8.51807373046875
2314,8.5226513671875
2315,8.52722900390625
2316,8.531806640625
2317,8.53638427734375
2318,8.5409619140625
2319,8.54553955078125
2320,8.5501171875
2321,8.55469482421875
2322,8.5592724609375
2323,8.56385009765625
2324,8.568427734375
2325,8.57300537109375
2326,8.5775830078125
2327,8.58216064453125
2328,8.58673828125
2329,8.59131591796875
2330,8.5958935546875
2331,8.60047119140625
2332,8.605048828125
2333,8.60962646484375
2334,8.6142041015625
2335,8.61878173828125
2336,8.623359375
2337,8.62793701171875
2338,8.6325146484375
2339,8.63709228515625
2340,8.641669921875
2341,8.64624755859375
2342,8.6508251953125
2343,8.65540283203125
2344,8.65998046875
2345,8.66455810546875
2346,8.6691357421875
2347,8.67371337890625
2348,8.678291015625
2349,8.68286865234375
2350,8.6874462890625
2351,8.69202392578125
2352,8.6966015625
2353,8.70117919921875
2354,8.7057568359375
2355,8.71033447265625
2356,8.714912109375
2357,8.71948974609375
2358,8.7240673828125
2359,8.72864501953125
2360,8.73322265625
2361,8.73780029296875
2362,8.7423779296875
2363,8.74695556640625
2364,8.751533203125
2365,8.75611083984375
2366,8.7606884765625
2367,8.76526611328125
2368,8.76984375
2369,8.77442138671875
2370,8.7789990234375
2371,8.78357666015625
2372,8.788154296875
2373,8.79273193359375
2374,8.7973095703125
2375,8.80188720703125
2376,8.80646484375
2377,8.81104248046875
2378,8.8156201171875
2379,8.82019775390625
2380,8.824775390625
2381,8.82935302734375
2382,8.8339306640625
2383,8.83850830078125
2384,8.8430859375
2385,8.84766357421875
2386,8.8522412109375
2387,8.85681884765625
2388,8.861396484375
2389,8.86597412109375
2390,8.8705517578125
2391,8.87512939453125
2392,8.87970703125
2393,8.88428466796875
2394,8.8888623046875
2395,8.89343994140625
2396,8.898017578125
2397,8.90259521484375
2398,8.9071728515625
2399,8.91175048828125
2400,8.916328125
2401,8.92090576171875
2402,8.9254833984375
2403,8.93006103515625
2404,8.934638671875
2405,8.93921630859375
2406,8.9437939453125
2407,8.94837158203125
2408,8.95294921875
2409,8.95752685546875
2410,8.9621044921875
2411,8.96668212890625
2412,8.971259765625
2413,8.97583740234375
2414,8.9804150390625
2415,8.98499267578125
2416,8.9895703125
2417,8.99414794921875
2418,8.9987255859375
2419,9.00330322265625
2420,9.007880859375
2421,9.01245849609375
2422,9.0170361328125
2423,9.02161376953125
2424,9.02619140625
2425,9.03076904296875
2426,9.0353466796875
2427,9.03992431640625
2428,9.044501953125
2429,9.04907958984375
2430,9.0536572265625
2431,9.05823486328125
2432,9.0628125
2433,9.06739013671875
2434,9.0719677734375
2435,9.07654541015625
2436,9.081123046875
2437,9.08570068359375
2438,9.0902783203125
2439,9.09485595703125
2440,9.09943359375
2441,9.10401123046875
2442,9.1085888671875
2443,9.11316650390625
2444,9.117744140625
2445,9.12232177734375
2446,9.1268994140625
2447,9.13147705078125
2448,9.1360546875
2449,9.14063232421875
2450,9.1452099609375
2451,9.14978759765625
2452,9.154365234375
2453,9.15894287109375
2454,9.1635205078125
2455,9.16809814453125
2456,9.17267578125
2457,9.17725341796875
2458,9.1818310546875
2459,9.18640869140625
2460,9.190986328125
2461,9.19556396484375
2462,9.2001416015625
2463,9.20471923828125
2464,9.209296875
2465,9.21387451171875
2466,9.2184521484375
2467,9.22302978515625
2468,9.227607421875
2469,9.23218505859375
2470,9.2367626953125
2471,9.24134033203125
2472,9.24591796875
2473,9.25049560546875
2474,9.2550732421875
2475,9.25965087890625
2476,9.264228515625
2477,9.26880615234375
2478,9.2733837890625
2479,9.27796142578125
2480,9.2825390625
2481,9.28711669921875
2482,9.2916943359375
2483,9.29627197265625
2484,9.300849609375
2485,9.30542724609375
2486,9.3100048828125
2487,9.31458251953125
2488,9.31916015625
2489,9.32373779296875
2490,9.3283154296875
2491,9.33289306640625
2492,9.337470703125
2493,9.34204833984375
2494,9.3466259765625
2495,9.35120361328125
2496,9.35578125
2497,9.36035888671875
2498,9.3649365234375
2499,9.36951416015625
2500,9.374091796875
2501,9.37866943359375
2502,9.3832470703125
2503,9.38782470703125
2504,9.39240234375
2505,9.39697998046875
2506,9.4015576171875
2507,9.40613525390625
2508,9.410712890625
2509,9.41529052734375
2510,9.4198681640625
2511,9.42444580078125
2512,9.4290234375
2513,9.43360107421875
2514,9.4381787109375
2515,9.44275634765625
2516,9.447333984375
2517,9.45191162109375
2518,9.4564892578125
2519,9.46106689453125
2520,9.46564453125
2521,9.47022216796875
2522,9.4747998046875
2523,9.47937744140625
2524,9.483955078125
2525,9.48853271484375
2526,9.4931103515625
2527,9.49768798828125
2528,9.502265625
2529,9.50684326171875
2530,9.5114208984375
2531,9.51599853515625
2532,9.520576171875
2533,9.52515380859375
2534,9.5297314453125
2535,9.53430908203125
2536,9.53888671875
2537,9.54346435546875
2538,9.5480419921875
2539,9.55261962890625
2540,9.557197265625
2541,9.56177490234375
2542,9.5663525390625
2543,9.57093017578125
2544,9.5755078125
2545,9.58008544921875
2546,9.5846630859375
2547,9.58924072265625
2548,9.593818359375
2549,9.59839599609375
2550,9.6029736328125
2551,9.60755126953125
2552,9.61212890625
2553,9.61670654296875
2554,9.6212841796875
2555,9.62586181640625
2556,9.630439453125
2557,9.63501708984375
2558,9.6395947265625
2559,9.64417236328125
2560,9.64875
2561,9.65332763671875
2562,9.6579052734375
2563,9.66248291015625
2564,9.667060546875
2565,9.67163818359375
2566,9.6762158203125
2567,9.68079345703125
2568,9.68537109375
2569,9.68994873046875
2570,9.6945263671875
2571,9.69910400390625
2572,9.703681640625
2573,9.70825927734375
2574,9.7128369140625
2575,9.71741455078125
2576,9.7219921875
2577,9.72656982421875
2578,9.7311474609375
2579,9.73572509765625
2580,9.740302734375
2581,9.74488037109375
2582,9.7494580078125
2583,9.75403564453125
2584,9.75861328125
2585,9.76319091796875
2586,9.7677685546875
2587,9.77234619140625
2588,9.776923828125
2589,9.78150146484375
2590,9.7860791015625
2591,9.79065673828125
2592,9.795234375
2593,9.79981201171875
2594,9.8043896484375
2595,9.80896728515625
2596,9.813544921875
2597,9.81812255859375
2598,9.8227001953125
2599,9.82727783203125
2600,9.83185546875
2601,9.83643310546875
2602,9.8410107421875
2603,9.84558837890625
2604,9.850166015625
2605,9.85474365234375
2606,9.8593212890625
2607,9.86389892578125
2608,9.8684765625
2609,9.87305419921875
2610,9.8776318359375
2611,9.88220947265625
2612,9.886787109375
2613,9.89136474609375
2614,9.8959423828125
2615,9.90052001953125
2616,9.90509765625
2617,9.90967529296875
2618,9.9142529296875
2619,9.91883056640625
2620,9.923408203125
2621,9.92798583984375
2622,9.9325634765625
2623,9.93714111328125
2624,9.94171875
2625,9.94629638671875
2626,9.9508740234375
2627,9.95545166015625
2628,9.960029296875
2629,9.96460693359375
2630,9.9691845703125
2631,9.97376220703125
2632,9.97833984375
2633,9.98291748046875
2634,9.9874951171875
2635,9.99207275390625
2636,9.996650390625
2637,10.00122802734375
2638,10.0058056640625
2639,10.01038330078125
2640,10.0149609375
2641,10.01953857421875
2642,10.0241162109375
2643,10.02869384765625
2644,10.033271484375
2645,10.03784912109375
2646,10.0424267578125
2647,10.04700439453125
2648,10.05158203125
2649,10.05615966796875
2650,10.0607373046875
2651,10.06531494140625
2652,10.069892578125
2653,10.07447021484375
2654,10.0790478515625
2655,10.08362548828125
2656,10.088203125
2657,10.09278076171875
2658,10.0973583984375
2659,10.10193603515625
2660,10.106513671875
2661,10.11109130859375
2662,10.1156689453125
2663,10.12024658203125
2664,10.12482421875
2665,10.12940185546875
2666,10.1339794921875
2667,10.13855712890625
2668,10.143134765625
2669,10.14771240234375
2670,10.1522900390625
2671,10.15686767578125
2672,10.1614453125
2673,10.16602294921875
2674,10.1706005859375
2675,10.17517822265625
2676,10.179755859375
2677,10.18433349609375
2678,10.1889111328125
2679,10.19348876953125
2680,10.19806640625
2681,10.20264404296875
2682,10.2072216796875
2683,10.21179931640625
2684,10.216376953125
2685,10.22095458984375
2686,10.2255322265625
2687,10.23010986328125
2688,10.2346875
2689,10.23926513671875
2690,10.2438427734375
2691,10.24842041015625
2692,10.252998046875
2693,10.25757568359375
2694,10.2621533203125
2695,10.26673095703125
2696,10.27130859375
2697,10.27588623046875
2698,10.2804638671875
2699,10.28504150390625
2700,10.289619140625
2701,10.29419677734375
2702,10.2987744140625
2703,10.30335205078125
2704,10.3079296875
2705,10.31250732421875
2706,10.3170849609375
2707,10.32166259765625
2708,10.326240234375
2709,10.33081787109375
2710,10.3353955078125
2711,10.33997314453125
2712,10.34455078125
2713,10.34912841796875
2714,10.3537060546875
2715,10.35828369140625
2716,10.362861328125
2717,10.36743896484375
2718,10.3720166015625
2719,10.37659423828125
2720,10.381171875
2721,10.38574951171875
2722,10.3903271484375
2723,10.39490478515625
2724,10.399482421875
2725,10.40406005859375
2726,10.4086376953125
2727,10.41321533203125
2728,10.41779296875
2729,10.42237060546875
2730,10.4269482421875
2731,10.43152587890625
2732,10.436103515625
2733,10.44068115234375
2734,10.4452587890625
2735,10.44983642578125
2736,10.4544140625
2737,10.45899169921875
2738,10.4635693359375
2739,10.46814697265625
2740,10.472724609375
2741,10.47730224609375
2742,10.4818798828125
2743,10.48645751953125
2744,10.49103515625
2745,10.49561279296875
2746,10.5001904296875
2747,10.50476806640625
2748,10.509345703125
2749,10.51392333984375
2750,10.5185009765625
2751,10.52307861328125
2752,10.52765625
2753,10.53223388671875
2754,10.5368115234375
2755,10.54138916015625
2756,10.545966796875
2757,10.55054443359375
2758,10.5551220703125
2759,10.55969970703125
2760,10.56427734375
2761,10.56885498046875
2762,10.5734326171875
2763,10.57801025390625
2764,10.582587890625
2765,10.58716552734375
2766,10.5917431640625
2767,10.59632080078125
2768,10.6008984375
2769,10.60547607421875
2770,10.6100537109375
2771,10.61463134765625
2772,10.619208984375
2773,10.62378662109375
2774,10.6283642578125
2775,10.63294189453125
2776,10.63751953125
2777,10.64209716796875
2778,10.6466748046875
2779,10.65125244140625
2780,10.655830078125
2781,10.66040771484375
2782,10.6649853515625
2783,10.66956298828125
2784,10.674140625
2785,10.67871826171875
2786,10.6832958984375
2787,10.68787353515625
2788,10.692451171875
2789,10.69702880859375
2790,10.7016064453125
2791,10.70618408203125
2792,10.71076171875
2793,10.71533935546875
2794,10.7199169921875
2795,10.72449462890625
2796,10.729072265625
2797,10.73364990234375
2798,10.7382275390625
2799,10.74280517578125
2800,10.7473828125
2801,10.75196044921875
2802,10.7565380859375
2803,10.76111572265625
2804,10.765693359375
2805,10.77027099609375
2806,10.7748486328125
2807,10.77942626953125
2808,10.78400390625
2809,10.78858154296875
2810,10.7931591796875
2811,10.79773681640625
2812,10.802314453125
2813,10.80689208984375
2814,10.8114697265625
2815,10.81604736328125
2816,10.820625
2817,10.82520263671875
2818,10.8297802734375
2819,10.83435791015625
2820,10.838935546875
2821,10.84351318359375
2822,10.8480908203125
2823,10.85266845703125
2824,10.85724609375
2825,10.86182373046875
2826,10.8664013671875
2827,10.87097900390625
2828,10.875556640625
2829,10.88013427734375
2830,10.8847119140625
2831,10.88928955078125
2832,10.8938671875
2833,10.89844482421875
2834,10.9030224609375
2835,10.90760009765625
2836,10.912177734375
2837,10.91675537109375
2838,10.9213330078125
2839,10.92591064453125
2840,10.93048828125
2841,10.93506591796875
2842,10.9396435546875
2843,10.94422119140625
2844,10.948798828125
2845,10.95337646484375
2846,10.9579541015625
2847,10.96253173828125
2848,10.967109375
2849,10.97168701171875
2850,10.9762646484375
2851,10.98084228515625
2852,10.985419921875
2853,10.98999755859375
2854,10.9945751953125
2855,10.99915283203125
2856,11.00373046875
2857,11.00830810546875
2858,11.0128857421875
2859,11.01746337890625
2860,11.022041015625
2861,11.02661865234375
2862,11.0311962890625
2863,11.03577392578125
2864,11.0403515625
2865,11.04492919921875
2866,11.0495068359375
2867,11.05408447265625
2868,11.058662109375
2869,11.06323974609375
2870,11.0678173828125
2871,11.07239501953125
2872,11.07697265625
2873,11.08155029296875
2874,11.0861279296875
2875,11.09070556640625
2876,11.095283203125
2877,11.09986083984375
2878,11.1044384765625
2879,11.10901611328125
2880,11.11359375
2881,11.11817138671875
2882,11.1227490234375
2883,11.12732666015625
2884,11.131904296875
2885,11.13648193359375
2886,11.1410595703125
2887,11.14563720703125
2888,11.15021484375
2889,11.15479248046875
2890,11.1593701171875
2891,11.16394775390625
2892,11.168525390625
2893,11.17310302734375
2894,11.1776806640625
2895,11.18225830078125
2896,11.1868359375
2897,11.19141357421875
2898,11.1959912109375
2899,11.20056884765625
2900,11.205146484375
2901,11.20972412109375
2902,11.2143017578125
2903,11.21887939453125
2904,11.22345703125
2905,11.22803466796875
2906,11.2326123046875
2907,11.23718994140625
2908,11.241767578125
2909,11.24634521484375
2910,11.2509228515625
2911,11.25550048828125
2912,11.260078125
2913,11.26465576171875
2914,11.2692333984375
2915,11.27381103515625
2916,11.278388671875
2917,11.28296630859375
2918,11.2875439453125
2919,11.29212158203125
2920,11.29669921875
2921,11.30127685546875
2922,11.3058544921875
2923,11.31043212890625
2924,11.315009765625
2925,11.31958740234375
2926,11.3241650390625
2927,11.32874267578125
2928,11.3333203125
2929,11.33789794921875
2930,11.3424755859375
2931,11.34705322265625
2932,11.351630859375
2933,11.35620849609375
2934,11.3607861328125
2935,11.36536376953125
2936,11.36994140625
2937,11.37451904296875
2938,11.3790966796875
2939,11.38367431640625
2940,11.388251953125
2941,11.39282958984375
2942,11.3974072265625
2943,11.40198486328125
2944,11.4065625
2945,11.41114013671875
2946,11.4157177734375
2947,11.42029541015625
2948,11.424873046875
2949,11.42945068359375
2950,11.4340283203125
2951,11.43860595703125
2952,11.44318359375
2953,11.44776123046875
2954,11.4523388671875
2955,11.45691650390625
2956,11.461494140625
2957,11.46607177734375
2958,11.4706494140625
2959,11.47522705078125
2960,11.4798046875
2961,11.48438232421875
2962,11.4889599609375
2963,11.49353759765625
2964,11.498115234375
2965,11.50269287109375
2966,11.5072705078125
2967,11.51184814453125
2968,11.51642578125
2969,11.52100341796875
2970,11.5255810546875
2971,11.53015869140625
2972,11.534736328125
2973,11.53931396484375
2974,11.5438916015625
2975,11.54846923828125
2976,11.553046875
2977,11.55762451171875
2978,11.5622021484375
2979,11.56677978515625
2980,11.571357421875
2981,11.57593505859375
2982,11.5805126953125
2983,11.58509033203125
2984,11.58966796875
2985,11.59424560546875
2986,11.5988232421875
2987,11.60340087890625
2988,11.607978515625
2989,11.61255615234375
2990,11.6171337890625
2991,11.62171142578125
2992,11.6262890625
2993,11.63086669921875
2994,11.6354443359375
2995,11.64002197265625
2996,11.644599609375
2997,11.64917724609375
2998,11.6537548828125
2999,11.65833251953125
3000,11.66291015625
3001,11.66748779296875
3002,11.6720654296875
3003,11.67664306640625
3004,11.681220703125
3005,11.68579833984375
3006,11.6903759765625
3007,11.69495361328125
3008,11.69953125
3009,11.70410888671875
3010,11.7086865234375
3011,11.71326416015625
3012,11.717841796875
3013,11.72241943359375
3014,11.7269970703125
3015,11.73157470703125
3016,11.73615234375
3017,11.74072998046875
3018,11.7453076171875
3019,11.74988525390625
3020,11.754462890625
3021,11.75904052734375
3022,11.7636181640625
3023,11.76819580078125
3024,11.7727734375
3025,11.77735107421875
3026,11.7819287109375
3027,11.78650634765625
3028,11.791083984375
3029,11.79566162109375
3030,11.8002392578125
3031,11.80481689453125
3032,11.80939453125
3033,11.81397216796875
3034,11.8185498046875
3035,11.82312744140625
3036,11.827705078125
3037,11.83228271484375
3038,11.8368603515625
3039,11.84143798828125
3040,11.846015625
3041,11.85059326171875
3042,11.8551708984375
3043,11.85974853515625
3044,11.864326171875
3045,11.86890380859375
3046,11.8734814453125
3047,11.87805908203125
3048,11.88263671875
3049,11.88721435546875
3050,11.8917919921875
3051,11.89636962890625
3052,11.900947265625
3053,11.90552490234375
3054,11.9101025390625
3055,11.91468017578125
3056,11.9192578125
3057,11.92383544921875
3058,11.9284130859375
3059,11.93299072265625
3060,11.937568359375
3061,11.94214599609375
3062,11.9467236328125
3063,11.95130126953125
3064,11.95587890625
3065,11.96045654296875
3066,11.9650341796875
3067,11.96961181640625
3068,11.974189453125
3069,11.97876708984375
3070,11.9833447265625
3071,11.98792236328125
3072,11.9925
3073,11.99707763671875
3074,12.0016552734375
3075,12.00623291015625
3076,12.010810546875
3077,12.01538818359375
3078,12.0199658203125
3079,12.02454345703125
3080,12.02912109375
3081,12.03369873046875
3082,12.0382763671875
3083,12.04285400390625
3084,12.047431640625
3085,12.05200927734375
3086,12.0565869140625
3087,12.06116455078125
3088,12.0657421875
3089,12.07031982421875
3090,12.0748974609375
3091,12.07947509765625
3092,12.084052734375
3093,12.08863037109375
3094,12.0932080078125
3095,12.09778564453125
3096,12.10236328125
3097,12.10694091796875
3098,12.1115185546875
3099,12.11609619140625
3100,12.120673828125
3101,12.12525146484375
3102,12.1298291015625
3103,12.13440673828125
3104,12.138984375
3105,12.14356201171875
3106,12.1481396484375
3107,12.15271728515625
3108,12.157294921875
3109,12.16187255859375
3110,12.1664501953125
3111,12.17102783203125
3112,12.17560546875
3113,12.18018310546875
3114,12.1847607421875
3115,12.18933837890625
3116,12.193916015625
3117,12.19849365234375
3118,12.2030712890625
3119,12.20764892578125
3120,12.2122265625
3121,12.21680419921875
3122,12.2213818359375
3123,12.22595947265625
3124,12.230537109375
3125,12.23511474609375
3126,12.2396923828125
3127,12.24427001953125
3128,12.24884765625
3129,12.25342529296875
3130,12.2580029296875
3131,12.26258056640625
3132,12.267158203125
3133,12.27173583984375
3134,12.2763134765625
3135,12.28089111328125
3136,12.28546875
3137,12.29004638671875
3138,12.2946240234375
3139,12.29920166015625
3140,12.303779296875
3141,12.30835693359375
3142,12.3129345703125
3143,12.31751220703125
3144,12.32208984375
3145,12.32666748046875
3146,12.3312451171875
3147,12.33582275390625
3148,12.340400390625
3149,12.34497802734375
3150,12.3495556640625
3151,12.35413330078125
3152,12.3587109375
3153,12.36328857421875
3154,12.3678662109375
3155,12.37244384765625
3156,12.377021484375
3157,12.38159912109375
3158,12.3861767578125
3159,12.39075439453125
3160,12.39533203125
3161,12.39990966796875
3162,12.4044873046875
3163,12.40906494140625
3164,12.413642578125
3165,12.41822021484375
3166,12.4227978515625
3167,12.42737548828125
3168,12.431953125
3169,12.43653076171875
3170,12.4411083984375
3171,12.44568603515625
3172,12.450263671875
3173,12.45484130859375
3174,12.4594189453125
3175,12.46399658203125
3176,12.46857421875
3177,12.47315185546875
3178,12.4777294921875
3179,12.48230712890625
3180,12.486884765625
3181,12.49146240234375
3182,12.4960400390625
3183,12.50061767578125
3184,12.5051953125
3185,12.50977294921875
3186,12.5143505859375
3187,12.51892822265625
3188,12.523505859375
3189,12.52808349609375
3190,12.5326611328125
3191,12.53723876953125
3192,12.54181640625
3193,12.54639404296875
3194,12.5509716796875
3195,12.55554931640625
3196,12.560126953125
3197,12.56470458984375
3198,12.5692822265625
3199,12.57385986328125
3200,12.5784375
3201,12.58301513671875
3202,12.5875927734375
3203,12.59217041015625
3204,12.596748046875
3205,12.60132568359375
3206,12.6059033203125
3207,12.61048095703125
3208,12.61505859375
3209,12.61963623046875
3210,12.6242138671875
3211,12.62879150390625
3212,12.633369140625
3213,12.63794677734375
3214,12.6425244140625
3215,12.64710205078125
3216,12.6516796875
3217,12.65625732421875
3218,12.6608349609375
3219,12.66541259765625
3220,12.669990234375
3221,12.67456787109375
3222,12.6791455078125
3223,12.68372314453125
3224,12.68830078125
3225,12.69287841796875
3226,12.6974560546875
3227,12.70203369140625
3228,12.706611328125
3229,12.71118896484375
3230,12.7157666015625
3231,12.72034423828125
3232,12.724921875
3233,12.72949951171875
3234,12.7340771484375
3235,12.73865478515625
3236,12.743232421875
3237,12.74781005859375
3238,12.7523876953125
3239,12.75696533203125
3240,12.76154296875
3241,12.76612060546875
3242,12.7706982421875
3243,12.77527587890625
3244,12.779853515625
3245,12.78443115234375
3246,12.7890087890625
3247,12.79358642578125
3248,12.7981640625
3249,12.80274169921875
3250,12.8073193359375
3251,12.81189697265625
3252,12.816474609375
3253,12.82105224609375
3254,12.8256298828125
3255,12.83020751953125
3256,12.83478515625
3257,12.83936279296875
3258,12.8439404296875
3259,12.84851806640625
3260,12.853095703125
3261,12.85767333984375
3262,12.8622509765625
3263,12.86682861328125
3264,12.87140625
3265,12.87598388671875
3266,12.8805615234375
3267,12.88513916015625
3268,12.889716796875
3269,12.89429443359375
3270,12.8988720703125
3271,12.90344970703125
3272,12.90802734375
3273,12.91260498046875
3274,12.9171826171875
3275,12.92176025390625
3276,12.926337890625
3277,12.93091552734375
3278,12.9354931640625
3279,12.94007080078125
3280,12.9446484375
3281,12.94922607421875
3282,12.9538037109375
3283,12.95838134765625
3284,12.962958984375
3285,12.96753662109375
3286,12.9721142578125
3287,12.97669189453125
3288,12.98126953125
3289,12.98584716796875
3290,12.9904248046875
3291,12.99500244140625
3292,12.999580078125
3293,13.00415771484375
3294,13.0087353515625
3295,13.01331298828125
3296,13.017890625
3297,13.02246826171875
3298,13.0270458984375
3299,13.03162353515625
3300,13.036201171875
3301,13.04077880859375
3302,13.0453564453125
3303,13.04993408203125
3304,13.05451171875
3305,13.05908935546875
3306,13.0636669921875
3307,13.06824462890625
3308,13.072822265625
3309,13.07739990234375
3310,13.0819775390625
3311,13.08655517578125
3312,13.0911328125
3313,13.09571044921875
3314,13.1002880859375
3315,13.10486572265625
3316,13.109443359375
3317,13.11402099609375
3318,13.1185986328125
3319,13.12317626953125
3320,13.12775390625
3321,13.13233154296875
3322,13.1369091796875
3323,13.14148681640625
3324,13.146064453125
3325,13.15064208984375
3326,13.1552197265625
3327,13.15979736328125
3328,13.164375
3329,13.16895263671875
3330,13.1735302734375
3331,13.17810791015625
3332,13.182685546875
3333,13.18726318359375
3334,13.1918408203125
3335,13.19641845703125
3336,13.20099609375
3337,13.20557373046875
3338,13.2101513671875
3339,13.21472900390625
3340,13.219306640625
3341,13.22388427734375
3342,13.2284619140625
3343,13.23303955078125
3344,13.2376171875
3345,13.24219482421875
3346,13.2467724609375
3347,13.25135009765625
3348,13.255927734375
3349,13.26050537109375
3350,13.2650830078125
3351,13.26966064453125
3352,13.27423828125
3353,13.27881591796875
3354,13.2833935546875
3355,13.28797119140625
3356,13.292548828125
3357,13.29712646484375
3358,13.3017041015625
3359,13.30628173828125
3360,13.310859375
3361,13.31543701171875
3362,13.3200146484375
3363,13.32459228515625
3364,13.329169921875
3365,13.33374755859375
3366,13.3383251953125
3367,13.34290283203125
3368,13.34748046875
3369,13.35205810546875
3370,13.3566357421875
3371,13.36121337890625
3372,13.365791015625
3373,13.37036865234375
3374,13.3749462890625
3375,13.37952392578125
3376,13.3841015625
3377,13.38867919921875
3378,13.3932568359375
3379,13.39783447265625
3380,13.402412109375
3381,13.40698974609375
3382,13.4115673828125
3383,13.41614501953125
3384,13.42072265625
3385,13.42530029296875
3386,13.4298779296875
3387,13.43445556640625
3388,13.439033203125
3389,13.44361083984375
3390,13.4481884765625
3391,13.45276611328125
3392,13.45734375
3393,13.46192138671875
3394,13.4664990234375
3395,13.47107666015625
3396,13.475654296875
3397,13.48023193359375
3398,13.4848095703125
3399,13.48938720703125
3400,13.49396484375
3401,13.49854248046875
3402,13.5031201171875
3403,13.50769775390625
3404,13.512275390625
3405,13.51685302734375
3406,13.5214306640625
3407,13.52600830078125
3408,13.5305859375
3409,13.53516357421875
3410,13.5397412109375
3411,13.54431884765625
3412,13.548896484375
3413,13.55347412109375
3414,13.5580517578125
3415,13.56262939453125
3416,13.56720703125
3417,13.57178466796875
3418,13.5763623046875
3419,13.58093994140625
3420,13.585517578125
3421,13.59009521484375
3422,13.5946728515625
3423,13.59925048828125
3424,13.603828125
3425,13.60840576171875
3426,13.6129833984375
3427,13.61756103515625
3428,13.622138671875
3429,13.62671630859375
3430,13.6312939453125
3431,13.63587158203125
3432,13.64044921875
3433,13.64502685546875
3434,13.6496044921875
3435,13.65418212890625
3436,13.658759765625
3437,13.66333740234375
3438,13.6679150390625
3439,13.67249267578125
3440,13.6770703125
3441,13.68164794921875
3442,13.6862255859375
3443,13.69080322265625
3444,13.695380859375
3445,13.69995849609375
3446,13.7045361328125
3447,13.70911376953125
3448,13.71369140625
3449,13.71826904296875
3450,13.7228466796875
3451,13.72742431640625
3452,13.732001953125
3453,13.73657958984375
3454,13.7411572265625
3455,13.74573486328125
3456,13.7503125
3457,13.75489013671875
3458,13.7594677734375
3459,13.76404541015625
3460,13.768623046875
3461,13.77320068359375
3462,13.7777783203125
3463,13.78235595703125
3464,13.78693359375
3465,13.79151123046875
3466,13.7960888671875
3467,13.80066650390625
3468,13.805244140625
3469,13.80982177734375
3470,13.8143994140625
3471,13.81897705078125
3472,13.8235546875
3473,13.82813232421875
3474,13.8327099609375
3475,13.83728759765625
3476,13.841865234375
3477,13.84644287109375
3478,13.8510205078125
3479,13.85559814453125
3480,13.86017578125
3481,13.86475341796875
3482,13.8693310546875
3483,13.87390869140625
3484,13.878486328125
3485,13.88306396484375
3486,13.8876416015625
3487,13.89221923828125
3488,13.896796875
3489,13.90137451171875
3490,13.9059521484375
3491,13.91052978515625
3492,13.915107421875
3493,13.91968505859375
3494,13.9242626953125
3495,13.92884033203125
3496,13.93341796875
3497,13.93799560546875
3498,13.9425732421875
3499,13.94715087890625
3500,13.951728515625
3501,13.95630615234375
3502,13.9608837890625
3503,13.96546142578125
3504,13.9700390625
3505,13.97461669921875
3506,13.9791943359375
3507,13.98377197265625
3508,13.988349609375
3509,13.99292724609375
3510,13.9975048828125
3511,14.00208251953125
3512,14.00666015625
3513,14.01123779296875
3514,14.0158154296875
3515,14.02039306640625
3516,14.024970703125
3517,14.02954833984375
3518,14.0341259765625
3519,14.03870361328125
3520,14.04328125
3521,14.04785888671875
3522,14.0524365234375
3523,14.05701416015625
3524,14.061591796875
3525,14.06616943359375
3526,14.0707470703125
3527,14.07532470703125
3528,14.07990234375
3529,14.08447998046875
3530,14.0890576171875
3531,14.09363525390625
3532,14.098212890625
3533,14.10279052734375
3534,14.1073681640625
3535,14.11194580078125
3536,14.1165234375
3537,14.12110107421875
3538,14.1256787109375
3539,14.13025634765625
3540,14.134833984375
3541,14.13941162109375
3542,14.1439892578125
3543,14.14856689453125
3544,14.15314453125
3545,14.15772216796875
3546,14.1622998046875
3547,14.16687744140625
3548,14.171455078125
3549,14.17603271484375
3550,14.1806103515625
3551,14.18518798828125
3552,14.189765625
3553,14.19434326171875
3554,14.1989208984375
3555,14.20349853515625
3556,14.208076171875
3557,14.21265380859375
3558,14.2172314453125
3559,14.22180908203125
3560,14.22638671875
3561,14.23096435546875
3562,14.2355419921875
3563,14.24011962890625
3564,14.244697265625
3565,14.24927490234375
3566,14.2538525390625
3567,14.25843017578125
3568,14.2630078125
3569,14.26758544921875
3570,14.2721630859375
3571,14.27674072265625
3572,14.281318359375
3573,14.28589599609375
3574,14.2904736328125
3575,14.29505126953125
3576,14.29962890625
3577,14.30420654296875
3578,14.3087841796875
3579,14.31336181640625
3580,14.317939453125
3581,14.32251708984375
3582,14.3270947265625
3583,14.33167236328125
3584,14.33625
3585,14.34082763671875
3586,14.3454052734375
3587,14.34998291015625
3588,14.354560546875
3589,14.35913818359375
3590,14.3637158203125
3591,14.36829345703125
3592,14.37287109375
3593,14.37744873046875
3594,14.3820263671875
3595,14.38660400390625
3596,14.391181640625
3597,14.39575927734375
3598,14.4003369140625
3599,14.40491455078125
3600,14.4094921875
3601,14.41406982421875
3602,14.4186474609375
3603,14.42322509765625
3604,14.427802734375
3605,14.43238037109375
3606,14.4369580078125
3607,14.44153564453125
3608,14.44611328125
3609,14.45069091796875
3610,14.4552685546875
3611,14.45984619140625
3612,14.464423828125
3613,14.46900146484375
3614,14.4735791015625
3615,14.47815673828125
3616,14.482734375
3617,14.48731201171875
3618,14.4918896484375
3619,14.49646728515625
3620,14.501044921875
3621,14.50562255859375
3622,14.5102001953125
3623,14.51477783203125
3624,14.51935546875
3625,14.52393310546875
3626,14.5285107421875
3627,14.53308837890625
3628,14.537666015625
3629,14.54224365234375
3630,14.5468212890625
3631,14.55139892578125
3632,14.5559765625
3633,14.56055419921875
3634,14.5651318359375
3635,14.56970947265625
3636,14.574287109375
3637,14.57886474609375
3638,14.5834423828125
3639,14.58802001953125
3640,14.59259765625
3641,14.59717529296875
3642,14.6017529296875
3643,14.60633056640625
3644,14.610908203125
3645,14.61548583984375
3646,14.6200634765625
3647,14.62464111328125
3648,14.62921875
3649,14.63379638671875
3650,14.6383740234375
3651,14.64295166015625
3652,14.647529296875
3653,14.65210693359375
3654,14.6566845703125
3655,14.66126220703125
3656,14.66583984375
3657,14.67041748046875
3658,14.6749951171875
3659,14.67957275390625
3660,14.684150390625
3661,14.68872802734375
3662,14.6933056640625
3663,14.69788330078125
3664,14.7024609375
3665,14.70703857421875
3666,14.7116162109375
3667,14.71619384765625
3668,14.720771484375
3669,14.72534912109375
3670,14.7299267578125
3671,14.73450439453125
3672,14.73908203125
3673,14.74365966796875
3674,14.7482373046875
3675,14.75281494140625
3676,14.757392578125
3677,14.76197021484375
3678,14.7665478515625
3679,14.77112548828125
3680,14.775703125
3681,14.78028076171875
3682,14.7848583984375
3683,14.78943603515625
3684,14.794013671875
3685,14.79859130859375
3686,14.8031689453125
3687,14.80774658203125
3688,14.81232421875
3689,14.81690185546875
3690,14.8214794921875
3691,14.82605712890625
3692,14.830634765625
3693,14.83521240234375
3694,14.8397900390625
3695,14.84436767578125
3696,14.8489453125
3697,14.85352294921875
3698,14.8581005859375
3699,14.86267822265625
3700,14.867255859375
3701,14.87183349609375
3702,14.8764111328125
3703,14.88098876953125
3704,14.88556640625
3705,14.89014404296875
3706,14.8947216796875
3707,14.89929931640625
3708,14.903876953125
3709,14.90845458984375
3710,14.9130322265625
3711,14.91760986328125
3712,14.9221875
3713,14.92676513671875
3714,14.9313427734375
3715,14.93592041015625
3716,14.940498046875
3717,14.94507568359375
3718,14.9496533203125
3719,14.95423095703125
3720,14.95880859375
3721,14.96338623046875
3722,14.9679638671875
3723,14.97254150390625
3724,14.977119140625
3725,14.98169677734375
3726,14.9862744140625
3727,14.99085205078125
3728,14.9954296875
3729,15.00000732421875
3730,15.0045849609375
3731,15.00916259765625
3732,15.013740234375
3733,15.01831787109375
3734,15.0228955078125
3735,15.02747314453125
3736,15.03205078125
3737,15.03662841796875
3738,15.0412060546875
3739,15.04578369140625
3740,15.050361328125
3741,15.05493896484375
3742,15.0595166015625
3743,15.06409423828125
3744,15.068671875
3745,15.07324951171875
3746,15.0778271484375
3747,15.08240478515625
3748,15.086982421875
3749,15.09156005859375
3750,15.0961376953125
3751,15.10071533203125
3752,15.10529296875
3753,15.10987060546875
3754,15.1144482421875
3755,15.11902587890625
3756,15.123603515625
3757,15.12818115234375
3758,15.1327587890625
3759,15.13733642578125
3760,15.1419140625
3761,15.14649169921875
3762,15.1510693359375
3763,15.15564697265625
3764,15.160224609375
3765,15.16480224609375
3766,15.1693798828125
3767,15.17395751953125
3768,15.17853515625
3769,15.18311279296875
3770,15.1876904296875
3771,15.19226806640625
3772,15.196845703125
3773,15.20142333984375
3774,15.2060009765625
3775,15.21057861328125
3776,15.21515625
3777,15.21973388671875
3778,15.2243115234375
3779,15.22888916015625
3780,15.233466796875
3781,15.23804443359375
3782,15.2426220703125
3783,15.24719970703125
3784,15.25177734375
3785,15.25635498046875
3786,15.2609326171875
3787,15.26551025390625
3788,15.270087890625
3789,15.27466552734375
3790,15.2792431640625
3791,15.28382080078125
3792,15.2883984375
3793,15.29297607421875
3794,15.2975537109375
3795,15.30213134765625
3796,15.306708984375
3797,15.31128662109375
3798,15.3158642578125
3799,15.32044189453125
3800,15.32501953125
3801,15.32959716796875
3802,15.3341748046875
3803,15.33875244140625
3804,15.343330078125
3805,15.34790771484375
3806,15.3524853515625
3807,15.35706298828125
3808,15.361640625
3809,15.36621826171875
3810,15.3707958984375
3811,15.37537353515625
3812,15.379951171875
3813,15.38452880859375
3814,15.3891064453125
3815,15.39368408203125
3816,15.39826171875
3817,15.40283935546875
3818,15.4074169921875
3819,15.41199462890625
3820,15.416572265625
3821,15.42114990234375
3822,15.4257275390625
3823,15.43030517578125
3824,15.4348828125
3825,15.43946044921875
3826,15.4440380859375
3827,15.44861572265625
3828,15.453193359375
3829,15.45777099609375
3830,15.4623486328125
3831,15.46692626953125
3832,15.47150390625
3833,15.47608154296875
3834,15.4806591796875
3835,15.48523681640625
3836,15.489814453125
3837,15.49439208984375
3838,15.4989697265625
3839,15.50354736328125
3840,15.508125
3841,15.51270263671875
3842,15.5172802734375
3843,15.52185791015625
3844,15.526435546875
3845,15.53101318359375
3846,15.5355908203125
3847,15.54016845703125
3848,15.54474609375
3849,15.54932373046875
3850,15.5539013671875
3851,15.55847900390625
3852,15.563056640625
3853,15.56763427734375
3854,15.5722119140625
3855,15.57678955078125
3856,15.5813671875
3857,15.58594482421875
3858,15.5905224609375
3859,15.59510009765625
3860,15.599677734375
3861,15.60425537109375
3862,15.6088330078125
3863,15.61341064453125
3864,15.61798828125
3865,15.62256591796875
3866,15.6271435546875
3867,15.63172119140625
3868,15.636298828125
3869,15.64087646484375
3870,15.6454541015625
3871,15.65003173828125
3872,15.654609375
3873,15.65918701171875
3874,15.6637646484375
3875,15.66834228515625
3876,15.672919921875
3877,15.67749755859375
3878,15.6820751953125
3879,15.68665283203125
3880,15.69123046875
3881,15.69580810546875
3882,15.7003857421875
3883,15.70496337890625
3884,15.709541015625
3885,15.71411865234375
3886,15.7186962890625
3887,15.72327392578125
3888,15.7278515625
3889,15.73242919921875
3890,15.7370068359375
3891,15.74158447265625
3892,15.746162109375
3893,15.75073974609375
3894,15.7553173828125
3895,15.75989501953125
3896,15.76447265625
3897,15.76905029296875
3898,15.7736279296875
3899,15.77820556640625
3900,15.782783203125
3901,15.78736083984375
3902,15.7919384765625
3903,15.79651611328125
3904,15.80109375
3905,15.80567138671875
3906,15.8102490234375
3907,15.81482666015625
3908,15.819404296875
3909,15.82398193359375
3910,15.8285595703125
3911,15.83313720703125
3912,15.83771484375
3913,15.84229248046875
3914,15.8468701171875
3915,15.85144775390625
3916,15.856025390625
3917,15.86060302734375
3918,15.8651806640625
3919,15.86975830078125
3920,15.8743359375
3921,15.87891357421875
3922,15.8834912109375
3923,15.88806884765625
3924,15.892646484375
3925,15.89722412109375
3926,15.9018017578125
3927,15.90637939453125
3928,15.91095703125
3929,15.91553466796875
3930,15.9201123046875
3931,15.92468994140625
3932,15.929267578125
3933,15.93384521484375
3934,15.9384228515625
3935,15.94300048828125
3936,15.947578125
3937,15.95215576171875
3938,15.9567333984375
3939,15.96131103515625
3940,15.965888671875
3941,15.97046630859375
3942,15.9750439453125
3943,15.97962158203125
3944,15.98419921875
3945,15.98877685546875
3946,15.9933544921875
3947,15.99793212890625
3948,16.002509765625
3949,16.00708740234375
3950,16.0116650390625
3951,16.01624267578125
3952,16.0208203125
3953,16.02539794921875
3954,16.0299755859375
3955,16.03455322265625
3956,16.039130859375
3957,16.04370849609375
3958,16.0482861328125
3959,16.05286376953125
3960,16.05744140625
3961,16.06201904296875
3962,16.0665966796875
3963,16.07117431640625
3964,16.075751953125
3965,16.08032958984375
3966,16.0849072265625
3967,16.08948486328125
3968,16.0940625
3969,16.09864013671875
3970,16.1032177734375
3971,16.10779541015625
3972,16.112373046875
3973,16.11695068359375
3974,16.1215283203125
3975,16.12610595703125
3976,16.13068359375
3977,16.13526123046875
3978,16.1398388671875
3979,16.14441650390625
3980,16.148994140625
3981,16.15357177734375
3982,16.1581494140625
3983,16.16272705078125
3984,16.1673046875
3985,16.17188232421875
3986,16.1764599609375
3987,16.18103759765625
3988,16.185615234375
3989,16.19019287109375
3990,16.1947705078125
3991,16.19934814453125
3992,16.20392578125
3993,16.20850341796875
3994,16.2130810546875
3995,16.21765869140625
3996,16.222236328125
3997,16.22681396484375
3998,16.2313916015625
3999,16.23596923828125
4000,16.240546875
4001,16.24512451171875
4002,16.2497021484375
4003,16.25427978515625
4004,16.258857421875
4005,16.26343505859375
4006,16.2680126953125
4007,16.27259033203125
4008,16.27716796875
4009,16.28174560546875
4010,16.2863232421875
4011,16.29090087890625
4012,16.295478515625
4013,16.30005615234375
4014,16.3046337890625
4015,16.30921142578125
4016,16.3137890625
4017,16.31836669921875
4018,16.3229443359375
4019,16.32752197265625
4020,16.332099609375
4021,16.33667724609375
4022,16.3412548828125
4023,16.34583251953125
4024,16.35041015625
4025,16.35498779296875
4026,16.3595654296875
4027,16.36414306640625
4028,16.368720703125
4029,16.37329833984375
4030,16.3778759765625
4031,16.38245361328125
4032,16.38703125
4033,16.39160888671875
4034,16.3961865234375
4035,16.40076416015625
4036,16.405341796875
4037,16.40991943359375
4038,16.4144970703125
4039,16.41907470703125
4040,16.42365234375
4041,16.42822998046875
4042,16.4328076171875
4043,16.43738525390625
4044,16.441962890625
4045,16.44654052734375
4046,16.4511181640625
4047,16.45569580078125
4048,16.4602734375
4049,16.46485107421875
4050,16.4694287109375
4051,16.47400634765625
4052,16.478583984375
4053,16.48316162109375
4054,16.4877392578125
4055,16.49231689453125
4056,16.49689453125
4057,16.50147216796875
4058,16.5060498046875
4059,16.51062744140625
4060,16.515205078125
4061,16.51978271484375
4062,16.5243603515625
4063,16.52893798828125
4064,16.533515625
4065,16.53809326171875
4066,16.5426708984375
4067,16.54724853515625
4068,16.551826171875
4069,16.55640380859375
4070,16.5609814453125
4071,16.56555908203125
4072,16.57013671875
4073,16.57471435546875
4074,16.5792919921875
4075,16.58386962890625
4076,16.588447265625
4077,16.59302490234375
4078,16.5976025390625
4079,16.60218017578125
4080,16.6067578125
4081,16.61133544921875
4082,16.6159130859375
4083,16.62049072265625
4084,16.625068359375
4085,16.62964599609375
4086,16.6342236328125
4087,16.63880126953125
4088,16.64337890625
4089,16.64795654296875
4090,16.6525341796875
4091,16.65711181640625
4092,16.661689453125
4093,16.66626708984375
4094,16.6708447265625
4095,16.67542236328125
